Year, DOY, Month, DOM, Time, ExFlow, GM, InFlow, HV, Spare, LLD, ULD, TankP, Temp, AirT, RelHum, Press, Batt, Comments, Flag
2023, 305,11,1, 00:00, 80.01, 0.0, -13.84, -712.7,, 10067, 0, -558.7, 21.26, -168.9, 34.86, 419.6658020019531, 15.24,, 0
2023, 305,11,1, 00:30, 80.01, 0.0, -13.84, -712.7,, 10592, 0, -558.7, 21.26, -168.9, 34.86, 419.6658020019531, 15.24,, 0
2023, 305,11,1, 01:00, 80.01, 0.0, -13.84, -712.7,, 11500, 0, -558.7, 21.26, -168.9, 34.86, 419.6658020019531, 15.24,, 0
2023, 305,11,1, 01:30, 80.01, 0.0, -13.84, -712.7,, 11874, 0, -558.7, 21.26, -168.9, 34.86, 419.6658020019531, 15.24,, 0
2023, 305,11,1, 02:00, 80.01, 0.0, -13.84, -712.7,, 12394, 0, -558.7, 21.26, -168.9, 34.86, 419.6658020019531, 15.24,, 0
2023, 305,11,1, 02:30, 80.01, 0.0, -13.84, -712.7,, 12849, 0, -558.7, 21.26, -168.9, 34.86, 419.6658020019531, 15.24,, 0
2023, 305,11,1, 03:00, 80.01, 0.0, -13.84, -712.7,, 13509, 0, -558.7, 21.26, -168.9, 34.86, 419.6658020019531, 15.24,, 0
2023, 305,11,1, 03:30, 80.01, 0.0, -13.84, -712.7,, 13950, 0, -558.7, 21.26, -168.9, 34.86, 419.6658020019531, 15.24,, 0
2023, 305,11,1, 04:00, 80.01, 0.0, -13.84, -712.7,, 14400, 0, -558.7, 21.26, -168.9, 34.86, 419.6658020019531, 15.24,, 0
2023, 305,11,1, 04:30, 80.01, 0.0, -13.84, -712.7,, 14749, 0, -558.7, 21.26, -168.9, 34.86, 419.6658020019531, 15.24,, 0
2023, 305,11,1, 05:00, 80.01, 0.0, -13.84, -712.7,, 14947, 0, -558.7, 21.26, -168.9, 34.86, 419.6658020019531, 15.24,, 0
2023, 305,11,1, 05:30, 80.01, 0.0, -13.84, -712.7,, 14963, 0, -558.7, 21.26, -168.9, 34.86, 419.6658020019531, 15.24,, 0
2023, 305,11,1, 06:00, 80.01, 0.0, -13.84, -712.7,, 14903, 0, -558.7, 21.26, -168.9, 34.86, 419.6658020019531, 15.24,, 0
2023, 305,11,1, 06:30, 80.01, 0.0, -13.84, -712.7,, 14974, 0, -558.7, 21.26, -168.9, 34.86, 419.6658020019531, 15.24,, 0
2023, 305,11,1, 07:00, 80.01, 0.0, -13.84, -712.7,, 14679, 0, -558.7, 21.26, -168.9, 34.86, 419.6658020019531, 15.24,, 0
2023, 305,11,1, 07:30, 80.01, 0.0, -13.84, -712.7,, 14590, 0, -558.7, 21.26, -168.9, 34.86, 419.6658020019531, 15.24,, 0
2023, 305,11,1, 08:00, 80.01, 0.0, -13.84, -712.7,, 14434, 0, -558.7, 21.26, -168.9, 34.86, 419.6658020019531, 15.24,, 0
2023, 305,11,1, 08:30, 80.01, 0.0, -13.84, -712.7,, 13956, 0, -558.7, 21.26, -168.9, 34.86, 419.6658020019531, 15.24,, 0
2023, 305,11,1, 09:00, 80.01, 0.0, -13.84, -712.7,, 13565, 0, -558.7, 21.26, -168.9, 34.86, 419.6658020019531, 15.24,, 0
2023, 305,11,1, 09:30, 80.01, 0.0, -13.84, -712.7,, 13146, 0, -558.7, 21.26, -168.9, 34.86, 419.6658020019531, 15.24,, 0
2023, 305,11,1, 10:00, 80.01, 0.0, -13.84, -712.7,, 12664, 0, -558.7, 21.26, -168.9, 34.86, 419.6658020019531, 15.24,, 0
2023, 305,11,1, 10:30, 80.01, 0.0, -13.84, -712.7,, 11964, 0, -558.7, 21.26, -168.9, 34.86, 419.6658020019531, 15.24,, 0
2023, 305,11,1, 11:00, 80.01, 0.0, -13.84, -712.7,, 11266, 0, -558.7, 21.26, -168.9, 34.86, 419.6658020019531, 15.24,, 0
2023, 305,11,1, 11:30, 80.01, 0.0, -13.84, -712.7,, 10617, 0, -558.7, 21.26, -168.9, 34.86, 419.6658020019531, 15.24,, 0
2023, 305,11,1, 12:00, 80.01, 0.0, -13.84, -712.7,, 10206, 0, -558.7, 21.26, -168.9, 34.86, 419.6658020019531, 15.24,, 0
2023, 305,11,1, 12:30, 80.01, 0.0, -13.84, -712.7,, 9333, 0, -558.7, 21.26, -168.9, 34.86, 419.6658020019531, 15.24,, 0
2023, 305,11,1, 13:00, 80.01, 0.0, -13.84, -712.7,, 8776, 0, -558.7, 21.26, -168.9, 34.86, 419.6658020019531, 15.24,, 0
2023, 305,11,1, 13:30, 80.01, 0.0, -13.84, -712.7,, 8089, 0, -558.7, 21.26, -168.9, 34.86, 419.6658020019531, 15.24,, 0
2023, 305,11,1, 14:00, 80.01, 0.0, -13.84, -712.7,, 7484, 0, -558.7, 21.26, -168.9, 34.86, 419.6658020019531, 15.24,, 0
2023, 305,11,1, 14:30, 80.01, 0.0, -13.84, -712.7,, 7078, 0, -558.7, 21.26, -168.9, 34.86, 419.6658020019531, 15.24,, 0
2023, 305,11,1, 15:00, 80.01, 0.0, -13.84, -712.7,, 6367, 0, -558.7, 21.26, -168.9, 34.86, 419.6658020019531, 15.24,, 0
2023, 305,11,1, 15:30, 80.01, 0.0, -13.84, -712.7,, 5969, 0, -558.7, 21.26, -168.9, 34.86, 419.6658020019531, 15.24,, 0
2023, 305,11,1, 16:00, 80.01, 0.0, -13.84, -712.7,, 5636, 0, -558.7, 21.26, -168.9, 34.86, 419.6658020019531, 15.24,, 0
2023, 305,11,1, 16:30, 80.01, 0.0, -13.84, -712.7,, 5418, 0, -558.7, 21.26, -168.9, 34.86, 419.6658020019531, 15.24,, 0
2023, 305,11,1, 17:00, 80.01, 0.0, -13.84, -712.7,, 5281, 0, -558.7, 21.26, -168.9, 34.86, 419.6658020019531, 15.24,, 0
2023, 305,11,1, 17:30, 80.01, 0.0, -13.84, -712.7,, 4970, 0, -558.7, 21.26, -168.9, 34.86, 419.6658020019531, 15.24,, 0
2023, 305,11,1, 18:00, 80.01, 0.0, -13.84, -712.7,, 5009, 0, -558.7, 21.26, -168.9, 34.86, 419.6658020019531, 15.24,, 0
2023, 305,11,1, 18:30, 80.01, 0.0, -13.84, -712.7,, 5027, 0, -558.7, 21.26, -168.9, 34.86, 419.6658020019531, 15.24,, 0
2023, 305,11,1, 19:00, 80.01, 0.0, -13.84, -712.7,, 5139, 0, -558.7, 21.26, -168.9, 34.86, 419.6658020019531, 15.24,, 0
2023, 305,11,1, 19:30, 80.01, 0.0, -13.84, -712.7,, 5546, 0, -558.7, 21.26, -168.9, 34.86, 419.6658020019531, 15.24,, 0
2023, 305,11,1, 20:00, 80.01, 0.0, -13.84, -712.7,, 5679, 0, -558.7, 21.26, -168.9, 34.86, 419.6658020019531, 15.24,, 0
2023, 305,11,1, 20:30, 80.01, 0.0, -13.84, -712.7,, 6012, 0, -558.7, 21.26, -168.9, 34.86, 419.6658020019531, 15.24,, 0
2023, 305,11,1, 21:00, 80.01, 0.0, -13.84, -712.7,, 6559, 0, -558.7, 21.26, -168.9, 34.86, 419.6658020019531, 15.24,, 0
2023, 305,11,1, 21:30, 80.01, 0.0, -13.84, -712.7,, 7003, 0, -558.7, 21.26, -168.9, 34.86, 419.6658020019531, 15.24,, 0
2023, 305,11,1, 22:00, 80.01, 0.0, -13.84, -712.7,, 7420, 0, -558.7, 21.26, -168.9, 34.86, 419.6658020019531, 15.24,, 0
2023, 305,11,1, 22:30, 80.01, 0.0, -13.84, -712.7,, 8035, 0, -558.7, 21.26, -168.9, 34.86, 419.6658020019531, 15.24,, 0
2023, 305,11,1, 23:00, 80.01, 0.0, -13.84, -712.7,, 8699, 0, -558.7, 21.26, -168.9, 34.86, 419.6658020019531, 15.24,, 0
2023, 305,11,1, 23:30, 80.01, 0.0, -13.84, -712.7,, 9252, 0, -558.7, 21.26, -168.9, 34.86, 419.6658020019531, 15.24,, 0
2023, 306,11,2, 00:00, 80.01, 0.0, -13.84, -712.7,, 10130, 0, -558.7, 21.26, -168.9, 34.86, 419.6658020019531, 15.24,, 0
2023, 306,11,2, 00:30, 80.01, 0.0, -13.84, -712.7,, 10665, 0, -558.7, 21.26, -168.9, 34.86, 419.6658020019531, 15.24,, 0
2023, 306,11,2, 01:00, 80.01, 0.0, -13.84, -712.7,, 11156, 0, -558.7, 21.26, -168.9, 34.86, 419.6658020019531, 15.24,, 0
2023, 306,11,2, 01:30, 80.01, 0.0, -13.84, -712.7,, 12167, 0, -558.7, 21.26, -168.9, 34.86, 419.6658020019531, 15.24,, 0
2023, 306,11,2, 02:00, 80.01, 0.0, -13.84, -712.7,, 12705, 0, -558.7, 21.26, -168.9, 34.86, 419.6658020019531, 15.24,, 0
2023, 306,11,2, 02:30, 80.01, 0.0, -13.84, -712.7,, 12960, 0, -558.7, 21.26, -168.9, 34.86, 419.6658020019531, 15.24,, 0
2023, 306,11,2, 03:00, 80.01, 0.0, -13.84, -712.7,, 13641, 0, -558.7, 21.26, -168.9, 34.86, 419.6658020019531, 15.24,, 0
2023, 306,11,2, 03:30, 80.01, 0.0, -13.84, -712.7,, 13938, 0, -558.7, 21.26, -168.9, 34.86, 419.6658020019531, 15.24,, 0
2023, 306,11,2, 04:00, 80.01, 0.0, -13.84, -712.7,, 14289, 0, -558.7, 21.26, -168.9, 34.86, 419.6658020019531, 15.24,, 0
2023, 306,11,2, 04:30, 80.01, 0.0, -13.84, -712.7,, 14598, 0, -558.7, 21.26, -168.9, 34.86, 419.6658020019531, 15.24,, 0
2023, 306,11,2, 05:00, 80.01, 0.0, -13.84, -712.7,, 14928, 0, -558.7, 21.26, -168.9, 34.86, 419.6658020019531, 15.24,, 0
2023, 306,11,2, 05:30, 80.01, 0.0, -13.84, -712.7,, 14849, 0, -558.7, 21.26, -168.9, 34.86, 419.6658020019531, 15.24,, 0
2023, 306,11,2, 06:00, 80.01, 0.0, -13.84, -712.7,, 14968, 0, -558.7, 21.26, -168.9, 34.86, 419.6658020019531, 15.24,, 0
2023, 306,11,2, 06:30, 80.01, 0.0, -13.84, -712.7,, 14933, 0, -558.7, 21.26, -168.9, 34.86, 419.6658020019531, 15.24,, 0
2023, 306,11,2, 07:00, 80.01, 0.0, -13.84, -712.7,, 15032, 0, -558.7, 21.26, -168.9, 34.86, 419.6658020019531, 15.24,, 0
2023, 306,11,2, 07:30, 80.01, 0.0, -13.84, -712.7,, 14484, 0, -558.7, 21.26, -168.9, 34.86, 419.6658020019531, 15.24,, 0
2023, 306,11,2, 08:00, 80.01, 0.0, -13.84, -712.7,, 14205, 0, -558.7, 21.26, -168.9, 34.86, 419.6658020019531, 15.24,, 0
2023, 306,11,2, 08:30, 80.01, 0.0, -13.84, -712.7,, 13975, 0, -558.7, 21.26, -168.9, 34.86, 419.6658020019531, 15.24,, 0
2023, 306,11,2, 09:00, 80.01, 0.0, -13.84, -712.7,, 13336, 0, -558.7, 21.26, -168.9, 34.86, 419.6658020019531, 15.24,, 0
2023, 306,11,2, 09:30, 80.01, 0.0, -13.84, -712.7,, 12898, 0, -558.7, 21.26, -168.9, 34.86, 419.6658020019531, 15.24,, 0
2023, 306,11,2, 10:00, 80.01, 0.0, -13.84, -712.7,, 12538, 0, -558.7, 21.26, -168.9, 34.86, 419.6658020019531, 15.24,, 0
2023, 306,11,2, 10:30, 80.01, 0.0, -13.84, -712.7,, 11876, 0, -558.7, 21.26, -168.9, 34.86, 419.6658020019531, 15.24,, 0
2023, 306,11,2, 11:00, 80.01, 0.0, -13.84, -712.7,, 11324, 0, -558.7, 21.26, -168.9, 34.86, 419.6658020019531, 15.24,, 0
2023, 306,11,2, 11:30, 80.01, 0.0, -13.84, -712.7,, 10649, 0, -558.7, 21.26, -168.9, 34.86, 419.6658020019531, 15.24,, 0
2023, 306,11,2, 12:00, 80.01, 0.0, -13.84, -712.7,, 9961, 0, -558.7, 21.26, -168.9, 34.86, 419.6658020019531, 15.24,, 0
2023, 306,11,2, 12:30, 80.01, 0.0, -13.84, -712.7,, 9403, 0, -558.7, 21.26, -168.9, 34.86, 419.6658020019531, 15.24,, 0
2023, 306,11,2, 13:00, 80.01, 0.0, -13.84, -712.7,, 8786, 0, -558.7, 21.26, -168.9, 34.86, 419.6658020019531, 15.24,, 0
2023, 306,11,2, 13:30, 80.01, 0.0, -13.84, -712.7,, 8057, 0, -558.7, 21.26, -168.9, 34.86, 419.6658020019531, 15.24,, 0
2023, 306,11,2, 14:00, 80.01, 0.0, -13.84, -712.7,, 7559, 0, -558.7, 21.26, -168.9, 34.86, 419.6658020019531, 15.24,, 0
2023, 306,11,2, 14:30, 80.01, 0.0, -13.84, -712.7,, 6952, 0, -558.7, 21.26, -168.9, 34.86, 419.6658020019531, 15.24,, 0
2023, 306,11,2, 15:00, 80.01, 0.0, -13.84, -712.7,, 6553, 0, -558.7, 21.26, -168.9, 34.86, 419.6658020019531, 15.24,, 0
2023, 306,11,2, 15:30, 80.01, 0.0, -13.84, -712.7,, 6119, 0, -558.7, 21.26, -168.9, 34.86, 419.6658020019531, 15.24,, 0
2023, 306,11,2, 16:00, 80.01, 0.0, -13.84, -712.7,, 5594, 0, -558.7, 21.26, -168.9, 34.86, 419.6658020019531, 15.24,, 0
2023, 306,11,2, 16:30, 80.01, 0.0, -13.84, -712.7,, 5406, 0, -558.7, 21.26, -168.9, 34.86, 419.6658020019531, 15.24,, 0
2023, 306,11,2, 17:00, 80.01, 0.0, -13.84, -712.7,, 5170, 0, -558.7, 21.26, -168.9, 34.86, 419.6658020019531, 15.24,, 0
2023, 306,11,2, 17:30, 80.01, 0.0, -13.84, -712.7,, 5192, 0, -558.7, 21.26, -168.9, 34.86, 419.6658020019531, 15.24,, 0
2023, 306,11,2, 18:00, 80.01, 0.0, -13.84, -712.7,, 4966, 0, -558.7, 21.26, -168.9, 34.86, 419.6658020019531, 15.24,, 0
2023, 306,11,2, 18:30, 80.01, 0.0, -13.84, -712.7,, 5040, 0, -558.7, 21.26, -168.9, 34.86, 419.6658020019531, 15.24,, 0
2023, 306,11,2, 19:00, 80.01, 0.0, -13.84, -712.7,, 5220, 0, -558.7, 21.26, -168.9, 34.86, 419.6658020019531, 15.24,, 0
2023, 306,11,2, 19:30, 80.01, 0.0, -13.84, -712.7,, 5514, 0, -558.7, 21.26, -168.9, 34.86, 419.6658020019531, 15.24,, 0
2023, 306,11,2, 20:00, 80.01, 0.0, -13.84, -712.7,, 5636, 0, -558.7, 21.26, -168.9, 34.86, 419.6658020019531, 15.24,, 0
2023, 306,11,2, 20:30, 80.01, 0.0, -13.84, -712.7,, 6056, 0, -558.7, 21.26, -168.9, 34.86, 419.6658020019531, 15.24,, 0
2023, 306,11,2, 21:00, 80.01, 0.0, -13.84, -712.7,, 6485, 0, -558.7, 21.26, -168.9, 34.86, 419.6658020019531, 15.24,, 0
2023, 306,11,2, 21:30, 80.01, 0.0, -13.84, -712.7,, 7137, 0, -558.7, 21.26, -168.9, 34.86, 419.6658020019531, 15.24,, 0
2023, 306,11,2, 22:00, 80.01, 0.0, -13.84, -712.7,, 7485, 0, -558.7, 21.26, -168.9, 34.86, 419.6658020019531, 15.24,, 0
2023, 306,11,2, 22:30, 80.01, 0.0, -13.84, -712.7,, 8072, 0, -558.7, 21.26, -168.9, 34.86, 419.6658020019531, 15.24,, 0
2023, 306,11,2, 23:00, 80.01, 0.0, -13.84, -712.7,, 8703, 0, -558.7, 21.26, -168.9, 34.86, 419.6658020019531, 15.24,, 0
2023, 306,11,2, 23:30, 80.01, 0.0, -13.84, -712.7,, 9394, 0, -558.7, 21.26, -168.9, 34.86, 419.6658020019531, 15.24,, 0
2023, 307,11,3, 00:00, 80.01, 0.0, -13.84, -712.7,, 9810, 0, -558.7, 21.26, -168.9, 34.86, 419.6658020019531, 15.24,, 0
2023, 307,11,3, 00:30, 80.01, 0.0, -13.84, -712.7,, 10670, 0, -558.7, 21.26, -168.9, 34.86, 419.6658020019531, 15.24,, 0
2023, 307,11,3, 01:00, 80.01, 0.0, -13.84, -712.7,, 11164, 0, -558.7, 21.26, -168.9, 34.86, 419.6658020019531, 15.24,, 0
2023, 307,11,3, 01:30, 80.01, 0.0, -13.84, -712.7,, 11785, 0, -558.7, 21.26, -168.9, 34.86, 419.6658020019531, 15.24,, 0
2023, 307,11,3, 02:00, 80.01, 0.0, -13.84, -712.7,, 12689, 0, -558.7, 21.26, -168.9, 34.86, 419.6658020019531, 15.24,, 0
2023, 307,11,3, 02:30, 80.01, 0.0, -13.84, -712.7,, 13105, 0, -558.7, 21.26, -168.9, 34.86, 419.6658020019531, 15.24,, 0
2023, 307,11,3, 03:00, 80.01, 0.0, -13.84, -712.7,, 13518, 0, -558.7, 21.26, -168.9, 34.86, 419.6658020019531, 15.24,, 0
2023, 307,11,3, 03:30, 80.01, 0.0, -13.84, -712.7,, 13765, 0, -558.7, 21.26, -168.9, 34.86, 419.6658020019531, 15.24,, 0
2023, 307,11,3, 04:00, 80.01, 0.0, -13.84, -712.7,, 14260, 0, -558.7, 21.26, -168.9, 34.86, 419.6658020019531, 15.24,, 0
2023, 307,11,3, 04:30, 80.01, 0.0, -13.84, -712.7,, 14790, 0, -558.7, 21.26, -168.9, 34.86, 419.6658020019531, 15.24,, 0
2023, 307,11,3, 05:00, 80.01, 0.0, -13.84, -712.7,, 14558, 0, -558.7, 21.26, -168.9, 34.86, 419.6658020019531, 15.24,, 0
2023, 307,11,3, 05:30, 80.01, 0.0, -13.84, -712.7,, 15054, 0, -558.7, 21.26, -168.9, 34.86, 419.6658020019531, 15.24,, 0
2023, 307,11,3, 06:00, 80.01, 0.0, -13.84, -712.7,, 15021, 0, -558.7, 21.26, -168.9, 34.86, 419.6658020019531, 15.24,, 0
2023, 307,11,3, 06:30, 80.01, 0.0, -13.84, -712.7,, 14870, 0, -558.7, 21.26, -168.9, 34.86, 419.6658020019531, 15.24,, 0
2023, 307,11,3, 07:00, 80.01, 0.0, -13.84, -712.7,, 14782, 0, -558.7, 21.26, -168.9, 34.86, 419.6658020019531, 15.24,, 0
2023, 307,11,3, 07:30, 80.01, 0.0, -13.84, -712.7,, 14503, 0, -558.7, 21.26, -168.9, 34.86, 419.6658020019531, 15.24,, 0
2023, 307,11,3, 08:00, 80.01, 0.0, -13.84, -712.7,, 14182, 0, -558.7, 21.26, -168.9, 34.86, 419.6658020019531, 15.24,, 0
2023, 307,11,3, 08:30, 80.01, 0.0, -13.84, -712.7,, 13893, 0, -558.7, 21.26, -168.9, 34.86, 419.6658020019531, 15.24,, 0
2023, 307,11,3, 09:00, 80.01, 0.0, -13.84, -712.7,, 13360, 0, -558.7, 21.26, -168.9, 34.86, 419.6658020019531, 15.24,, 0
2023, 307,11,3, 09:30, 80.01, 0.0, -13.84, -712.7,, 13031, 0, -558.7, 21.26, -168.9, 34.86, 419.6658020019531, 15.24,, 0
2023, 307,11,3, 10:00, 80.01, 0.0, -13.84, -712.7,, 12200, 0, -558.7, 21.26, -168.9, 34.86, 419.6658020019531, 15.24,, 0
2023, 307,11,3, 10:30, 80.01, 0.0, -13.84, -712.7,, 11938, 0, -558.7, 21.26, -168.9, 34.86, 419.6658020019531, 15.24,, 0
2023, 307,11,3, 11:00, 80.01, 0.0, -13.84, -712.7,, 11402, 0, -558.7, 21.26, -168.9, 34.86, 419.6658020019531, 15.24,, 0
2023, 307,11,3, 11:30, 80.01, 0.0, -13.84, -712.7,, 10418, 0, -558.7, 21.26, -168.9, 34.86, 419.6658020019531, 15.24,, 0
2023, 307,11,3, 12:00, 80.01, 0.0, -13.84, -712.7,, 10008, 0, -558.7, 21.26, -168.9, 34.86, 419.6658020019531, 15.24,, 0
2023, 307,11,3, 12:30, 80.01, 0.0, -13.84, -712.7,, 9171, 0, -558.7, 21.26, -168.9, 34.86, 419.6658020019531, 15.24,, 0
2023, 307,11,3, 13:00, 80.01, 0.0, -13.84, -712.7,, 8540, 0, -558.7, 21.26, -168.9, 34.86, 419.6658020019531, 15.24,, 0
2023, 307,11,3, 13:30, 80.01, 0.0, -13.84, -712.7,, 8111, 0, -558.7, 21.26, -168.9, 34.86, 419.6658020019531, 15.24,, 0
2023, 307,11,3, 14:00, 80.01, 0.0, -13.84, -712.7,, 7598, 0, -558.7, 21.26, -168.9, 34.86, 419.6658020019531, 15.24,, 0
2023, 307,11,3, 14:30, 80.01, 0.0, -13.84, -712.7,, 6918, 0, -558.7, 21.26, -168.9, 34.86, 419.6658020019531, 15.24,, 0
2023, 307,11,3, 15:00, 80.01, 0.0, -13.84, -712.7,, 6412, 0, -558.7, 21.26, -168.9, 34.86, 419.6658020019531, 15.24,, 0
2023, 307,11,3, 15:30, 80.01, 0.0, -13.84, -712.7,, 5794, 0, -558.7, 21.26, -168.9, 34.86, 419.6658020019531, 15.24,, 0
2023, 307,11,3, 16:00, 80.01, 0.0, -13.84, -712.7,, 5609, 0, -558.7, 21.26, -168.9, 34.86, 419.6658020019531, 15.24,, 0
2023, 307,11,3, 16:30, 80.01, 0.0, -13.84, -712.7,, 5347, 0, -558.7, 21.26, -168.9, 34.86, 419.6658020019531, 15.24,, 0
2023, 307,11,3, 17:00, 80.01, 0.0, -13.84, -712.7,, 5088, 0, -558.7, 21.26, -168.9, 34.86, 419.6658020019531, 15.24,, 0
2023, 307,11,3, 17:30, 80.01, 0.0, -13.84, -712.7,, 5115, 0, -558.7, 21.26, -168.9, 34.86, 419.6658020019531, 15.24,, 0
2023, 307,11,3, 18:00, 80.01, 0.0, -13.84, -712.7,, 5104, 0, -558.7, 21.26, -168.9, 34.86, 419.6658020019531, 15.24,, 0
2023, 307,11,3, 18:30, 80.01, 0.0, -13.84, -712.7,, 5038, 0, -558.7, 21.26, -168.9, 34.86, 419.6658020019531, 15.24,, 0
2023, 307,11,3, 19:00, 80.01, 0.0, -13.84, -712.7,, 4968, 0, -558.7, 21.26, -168.9, 34.86, 419.6658020019531, 15.24,, 0
2023, 307,11,3, 19:30, 80.01, 0.0, -13.84, -712.7,, 5322, 0, -558.7, 21.26, -168.9, 34.86, 419.6658020019531, 15.24,, 0
2023, 307,11,3, 20:00, 80.01, 0.0, -13.84, -712.7,, 5589, 0, -558.7, 21.26, -168.9, 34.86, 419.6658020019531, 15.24,, 0
2023, 307,11,3, 20:30, 80.01, 0.0, -13.84, -712.7,, 6106, 0, -558.7, 21.26, -168.9, 34.86, 419.6658020019531, 15.24,, 0
2023, 307,11,3, 21:00, 80.01, 0.0, -13.84, -712.7,, 6655, 0, -558.7, 21.26, -168.9, 34.86, 419.6658020019531, 15.24,, 0
2023, 307,11,3, 21:30, 80.01, 0.0, -13.84, -712.7,, 7016, 0, -558.7, 21.26, -168.9, 34.86, 419.6658020019531, 15.24,, 0
2023, 307,11,3, 22:00, 80.01, 0.0, -13.84, -712.7,, 7505, 0, -558.7, 21.26, -168.9, 34.86, 419.6658020019531, 15.24,, 0
2023, 307,11,3, 22:30, 80.01, 0.0, -13.84, -712.7,, 8039, 0, -558.7, 21.26, -168.9, 34.86, 419.6658020019531, 15.24,, 0
2023, 307,11,3, 23:00, 80.01, 0.0, -13.84, -712.7,, 8856, 0, -558.7, 21.26, -168.9, 34.86, 419.6658020019531, 15.24,, 0
2023, 307,11,3, 23:30, 80.01, 0.0, -13.84, -712.7,, 9380, 0, -558.7, 21.26, -168.9, 34.86, 419.6658020019531, 15.24,, 0
2023, 308,11,4, 00:00, 80.01, 0.0, -13.84, -712.7,, 10168, 0, -558.7, 21.26, -168.9, 34.86, 419.6658020019531, 15.24,, 0
2023, 308,11,4, 00:30, 80.01, 0.0, -13.84, -712.7,, 10790, 0, -558.7, 21.26, -168.9, 34.86, 419.6658020019531, 15.24,, 0
2023, 308,11,4, 01:00, 80.01, 0.0, -13.84, -712.7,, 11409, 0, -558.7, 21.26, -168.9, 34.86, 419.6658020019531, 15.24,, 0
2023, 308,11,4, 01:30, 80.01, 0.0, -13.84, -712.7,, 12082, 0, -558.7, 21.26, -168.9, 34.86, 419.6658020019531, 15.24,, 0
2023, 308,11,4, 02:00, 80.01, 0.0, -13.84, -712.7,, 12327, 0, -558.7, 21.26, -168.9, 34.86, 419.6658020019531, 15.24,, 0
2023, 308,11,4, 02:30, 80.01, 0.0, -13.84, -712.7,, 13184, 0, -558.7, 21.26, -168.9, 34.86, 419.6658020019531, 15.24,, 0
2023, 308,11,4, 03:00, 80.01, 0.0, -13.84, -712.7,, 13433, 0, -558.7, 21.26, -168.9, 34.86, 419.6658020019531, 15.24,, 0
2023, 308,11,4, 03:30, 80.01, 0.0, -13.84, -712.7,, 14034, 0, -558.7, 21.26, -168.9, 34.86, 419.6658020019531, 15.24,, 0
2023, 308,11,4, 04:00, 80.01, 0.0, -13.84, -712.7,, 14335, 0, -558.7, 21.26, -168.9, 34.86, 419.6658020019531, 15.24,, 0
2023, 308,11,4, 04:30, 80.01, 0.0, -13.84, -712.7,, 14677, 0, -558.7, 21.26, -168.9, 34.86, 419.6658020019531, 15.24,, 0
2023, 308,11,4, 05:00, 80.01, 0.0, -13.84, -712.7,, 14731, 0, -558.7, 21.26, -168.9, 34.86, 419.6658020019531, 15.24,, 0
2023, 308,11,4, 05:30, 80.01, 0.0, -13.84, -712.7,, 14873, 0, -558.7, 21.26, -168.9, 34.86, 419.6658020019531, 15.24,, 0
2023, 308,11,4, 06:00, 80.01, 0.0, -13.84, -712.7,, 14849, 0, -558.7, 21.26, -168.9, 34.86, 419.6658020019531, 15.24,, 0
2023, 308,11,4, 06:30, 80.01, 0.0, -13.84, -712.7,, 14980, 0, -558.7, 21.26, -168.9, 34.86, 419.6658020019531, 15.24,, 0
2023, 308,11,4, 07:00, 80.01, 0.0, -13.84, -712.7,, 14567, 0, -558.7, 21.26, -168.9, 34.86, 419.6658020019531, 15.24,, 0
2023, 308,11,4, 07:30, 80.01, 0.0, -13.84, -712.7,, 14751, 0, -558.7, 21.26, -168.9, 34.86, 419.6658020019531, 15.24,, 0
2023, 308,11,4, 08:00, 80.01, 0.0, -13.84, -712.7,, 14218, 0, -558.7, 21.26, -168.9, 34.86, 419.6658020019531, 15.24,, 0
2023, 308,11,4, 08:30, 80.01, 0.0, -13.84, -712.7,, 13993, 0, -558.7, 21.26, -168.9, 34.86, 419.6658020019531, 15.24,, 0
2023, 308,11,4, 09:00, 80.01, 0.0, -13.84, -712.7,, 13320, 0, -558.7, 21.26, -168.9, 34.86, 419.6658020019531, 15.24,, 0
2023, 308,11,4, 09:30, 80.01, 0.0, -13.84, -712.7,, 13188, 0, -558.7, 21.26, -168.9, 34.86, 419.6658020019531, 15.24,, 0
2023, 308,11,4, 10:00, 80.01, 0.0, -13.84, -712.7,, 12444, 0, -558.7, 21.26, -168.9, 34.86, 419.6658020019531, 15.24,, 0
2023, 308,11,4, 10:30, 80.01, 0.0, -13.84, -712.7,, 11885, 0, -558.7, 21.26, -168.9, 34.86, 419.6658020019531, 15.24,, 0
2023, 308,11,4, 11:00, 80.01, 0.0, -13.84, -712.7,, 11321, 0, -558.7, 21.26, -168.9, 34.86, 419.6658020019531, 15.24,, 0
2023, 308,11,4, 11:30, 80.01, 0.0, -13.84, -712.7,, 10415, 0, -558.7, 21.26, -168.9, 34.86, 419.6658020019531, 15.24,, 0
2023, 308,11,4, 12:00, 80.01, 0.0, -13.84, -712.7,, 9808, 0, -558.7, 21.26, -168.9, 34.86, 419.6658020019531, 15.24,, 0
2023, 308,11,4, 12:30, 80.01, 0.0, -13.84, -712.7,, 9338, 0, -558.7, 21.26, -168.9, 34.86, 419.6658020019531, 15.24,, 0
2023, 308,11,4, 13:00, 80.01, 0.0, -13.84, -712.7,, 8739, 0, -558.7, 21.26, -168.9, 34.86, 419.6658020019531, 15.24,, 0
2023, 308,11,4, 13:30, 80.01, 0.0, -13.84, -712.7,, 7993, 0, -558.7, 21.26, -168.9, 34.86, 419.6658020019531, 15.24,, 0
2023, 308,11,4, 14:00, 80.01, 0.0, -13.84, -712.7,, 7510, 0, -558.7, 21.26, -168.9, 34.86, 419.6658020019531, 15.24,, 0
2023, 308,11,4, 14:30, 80.01, 0.0, -13.84, -712.7,, 6989, 0, -558.7, 21.26, -168.9, 34.86, 419.6658020019531, 15.24,, 0
2023, 308,11,4, 15:00, 80.01, 0.0, -13.84, -712.7,, 6395, 0, -558.7, 21.26, -168.9, 34.86, 419.6658020019531, 15.24,, 0
2023, 308,11,4, 15:30, 80.01, 0.0, -13.84, -712.7,, 6082, 0, -558.7, 21.26, -168.9, 34.86, 419.6658020019531, 15.24,, 0
2023, 308,11,4, 16:00, 80.01, 0.0, -13.84, -712.7,, 5766, 0, -558.7, 21.26, -168.9, 34.86, 419.6658020019531, 15.24,, 0
2023, 308,11,4, 16:30, 80.01, 0.0, -13.84, -712.7,, 5378, 0, -558.7, 21.26, -168.9, 34.86, 419.6658020019531, 15.24,, 0
2023, 308,11,4, 17:00, 80.01, 0.0, -13.84, -712.7,, 5190, 0, -558.7, 21.26, -168.9, 34.86, 419.6658020019531, 15.24,, 0
2023, 308,11,4, 17:30, 80.01, 0.0, -13.84, -712.7,, 5053, 0, -558.7, 21.26, -168.9, 34.86, 419.6658020019531, 15.24,, 0
2023, 308,11,4, 18:00, 80.01, 0.0, -13.84, -712.7,, 4971, 0, -558.7, 21.26, -168.9, 34.86, 419.6658020019531, 15.24,, 0
2023, 308,11,4, 18:30, 80.01, 0.0, -13.84, -712.7,, 5003, 0, -558.7, 21.26, -168.9, 34.86, 419.6658020019531, 15.24,, 0
2023, 308,11,4, 19:00, 80.01, 0.0, -13.84, -712.7,, 5085, 0, -558.7, 21.26, -168.9, 34.86, 419.6658020019531, 15.24,, 0
2023, 308,11,4, 19:30, 80.01, 0.0, -13.84, -712.7,, 5390, 0, -558.7, 21.26, -168.9, 34.86, 419.6658020019531, 15.24,, 0
2023, 308,11,4, 20:00, 80.01, 0.0, -13.84, -712.7,, 5541, 0, -558.7, 21.26, -168.9, 34.86, 419.6658020019531, 15.24,, 0
2023, 308,11,4, 20:30, 80.01, 0.0, -13.84, -712.7,, 6053, 0, -558.7, 21.26, -168.9, 34.86, 419.6658020019531, 15.24,, 0
2023, 308,11,4, 21:00, 80.01, 0.0, -13.84, -712.7,, 6569, 0, -558.7, 21.26, -168.9, 34.86, 419.6658020019531, 15.24,, 0
2023, 308,11,4, 21:30, 80.01, 0.0, -13.84, -712.7,, 7050, 0, -558.7, 21.26, -168.9, 34.86, 419.6658020019531, 15.24,, 0
2023, 308,11,4, 22:00, 80.01, 0.0, -13.84, -712.7,, 7584, 0, -558.7, 21.26, -168.9, 34.86, 419.6658020019531, 15.24,, 0
2023, 308,11,4, 22:30, 80.01, 0.0, -13.84, -712.7,, 8093, 0, -558.7, 21.26, -168.9, 34.86, 419.6658020019531, 15.24,, 0
2023, 308,11,4, 23:00, 80.01, 0.0, -13.84, -712.7,, 8537, 0, -558.7, 21.26, -168.9, 34.86, 419.6658020019531, 15.24,, 0
2023, 308,11,4, 23:30, 80.01, 0.0, -13.84, -712.7,, 9112, 0, -558.7, 21.26, -168.9, 34.86, 419.6658020019531, 15.24,, 0
2023, 309,11,5, 00:00, 80.01, 0.0, -13.84, -712.7,, 9999, 0, -558.7, 21.26, -168.9, 34.86, 419.6658020019531, 15.24,, 0
2023, 309,11,5, 00:30, 80.01, 0.0, -13.84, -712.7,, 10423, 0, -558.7, 21.26, -168.9, 34.86, 419.6658020019531, 15.24,, 0
2023, 309,11,5, 01:00, 80.01, 0.0, -13.84, -712.7,, 11258, 0, -558.7, 21.26, -168.9, 34.86, 419.6658020019531, 15.24,, 0
2023, 309,11,5, 01:30, 80.01, 0.0, -13.84, -712.7,, 11842, 0, -558.7, 21.26, -168.9, 34.86, 419.6658020019531, 15.24,, 0
2023, 309,11,5, 02:00, 80.01, 0.0, -13.84, -712.7,, 12454, 0, -558.7, 21.26, -168.9, 34.86, 419.6658020019531, 15.24,, 0
2023, 309,11,5, 02:30, 80.01, 0.0, -13.84, -712.7,, 13106, 0, -558.7, 21.26, -168.9, 34.86, 419.6658020019531, 15.24,, 0
2023, 309,11,5, 03:00, 80.01, 0.0, -13.84, -712.7,, 13463, 0, -558.7, 21.26, -168.9, 34.86, 419.6658020019531, 15.24,, 0
2023, 309,11,5, 03:30, 80.01, 0.0, -13.84, -712.7,, 14098, 0, -558.7, 21.26, -168.9, 34.86, 419.6658020019531, 15.24,, 0
2023, 309,11,5, 04:00, 80.01, 0.0, -13.84, -712.7,, 14526, 0, -558.7, 21.26, -168.9, 34.86, 419.6658020019531, 15.24,, 0
2023, 309,11,5, 04:30, 80.01, 0.0, -13.84, -712.7,, 14570, 0, -558.7, 21.26, -168.9, 34.86, 419.6658020019531, 15.24,, 0
2023, 309,11,5, 05:00, 80.01, 0.0, -13.84, -712.7,, 14873, 0, -558.7, 21.26, -168.9, 34.86, 419.6658020019531, 15.24,, 0
2023, 309,11,5, 05:30, 80.01, 0.0, -13.84, -712.7,, 15061, 0, -558.7, 21.26, -168.9, 34.86, 419.6658020019531, 15.24,, 0
2023, 309,11,5, 06:00, 80.01, 0.0, -13.84, -712.7,, 14925, 0, -558.7, 21.26, -168.9, 34.86, 419.6658020019531, 15.24,, 0
2023, 309,11,5, 06:30, 80.01, 0.0, -13.84, -712.7,, 14855, 0, -558.7, 21.26, -168.9, 34.86, 419.6658020019531, 15.24,, 0
2023, 309,11,5, 07:00, 80.01, 0.0, -13.84, -712.7,, 14767, 0, -558.7, 21.26, -168.9, 34.86, 419.6658020019531, 15.24,, 0
2023, 309,11,5, 07:30, 80.01, 0.0, -13.84, -712.7,, 14751, 0, -558.7, 21.26, -168.9, 34.86, 419.6658020019531, 15.24,, 0
2023, 309,11,5, 08:00, 80.01, 0.0, -13.84, -712.7,, 14177, 0, -558.7, 21.26, -168.9, 34.86, 419.6658020019531, 15.24,, 0
2023, 309,11,5, 08:30, 80.01, 0.0, -13.84, -712.7,, 14030, 0, -558.7, 21.26, -168.9, 34.86, 419.6658020019531, 15.24,, 0
2023, 309,11,5, 09:00, 80.01, 0.0, -13.84, -712.7,, 13556, 0, -558.7, 21.26, -168.9, 34.86, 419.6658020019531, 15.24,, 0
2023, 309,11,5, 09:30, 80.01, 0.0, -13.84, -712.7,, 12861, 0, -558.7, 21.26, -168.9, 34.86, 419.6658020019531, 15.24,, 0
2023, 309,11,5, 10:00, 80.01, 0.0, -13.84, -712.7,, 12451, 0, -558.7, 21.26, -168.9, 34.86, 419.6658020019531, 15.24,, 0
2023, 309,11,5, 10:30, 80.01, 0.0, -13.84, -712.7,, 11778, 0, -558.7, 21.26, -168.9, 34.86, 419.6658020019531, 15.24,, 0
2023, 309,11,5, 11:00, 80.01, 0.0, -13.84, -712.7,, 11245, 0, -558.7, 21.26, -168.9, 34.86, 419.6658020019531, 15.24,, 0
2023, 309,11,5, 11:30, 80.01, 0.0, -13.84, -712.7,, 10558, 0, -558.7, 21.26, -168.9, 34.86, 419.6658020019531, 15.24,, 0
2023, 309,11,5, 12:00, 80.01, 0.0, -13.84, -712.7,, 9942, 0, -558.7, 21.26, -168.9, 34.86, 419.6658020019531, 15.24,, 0
2023, 309,11,5, 12:30, 80.01, 0.0, -13.84, -712.7,, 9312, 0, -558.7, 21.26, -168.9, 34.86, 419.6658020019531, 15.24,, 0
2023, 309,11,5, 13:00, 80.01, 0.0, -13.84, -712.7,, 8654, 0, -558.7, 21.26, -168.9, 34.86, 419.6658020019531, 15.24,, 0
2023, 309,11,5, 13:30, 80.01, 0.0, -13.84, -712.7,, 8111, 0, -558.7, 21.26, -168.9, 34.86, 419.6658020019531, 15.24,, 0
2023, 309,11,5, 14:00, 80.01, 0.0, -13.84, -712.7,, 7491, 0, -558.7, 21.26, -168.9, 34.86, 419.6658020019531, 15.24,, 0
2023, 309,11,5, 14:30, 80.01, 0.0, -13.84, -712.7,, 7026, 0, -558.7, 21.26, -168.9, 34.86, 419.6658020019531, 15.24,, 0
2023, 309,11,5, 15:00, 80.01, 0.0, -13.84, -712.7,, 6462, 0, -558.7, 21.26, -168.9, 34.86, 419.6658020019531, 15.24,, 0
2023, 309,11,5, 15:30, 80.01, 0.0, -13.84, -712.7,, 5905, 0, -558.7, 21.26, -168.9, 34.86, 419.6658020019531, 15.24,, 0
2023, 309,11,5, 16:00, 80.01, 0.0, -13.84, -712.7,, 5719, 0, -558.7, 21.26, -168.9, 34.86, 419.6658020019531, 15.24,, 0
2023, 309,11,5, 16:30, 80.01, 0.0, -13.84, -712.7,, 5365, 0, -558.7, 21.26, -168.9, 34.86, 419.6658020019531, 15.24,, 0
2023, 309,11,5, 17:00, 80.01, 0.0, -13.84, -712.7,, 5228, 0, -558.7, 21.26, -168.9, 34.86, 419.6658020019531, 15.24,, 0
2023, 309,11,5, 17:30, 80.01, 0.0, -13.84, -712.7,, 5159, 0, -558.7, 21.26, -168.9, 34.86, 419.6658020019531, 15.24,, 0
2023, 309,11,5, 18:00, 80.01, 0.0, -13.84, -712.7,, 4965, 0, -558.7, 21.26, -168.9, 34.86, 419.6658020019531, 15.24,, 0
2023, 309,11,5, 18:30, 80.01, 0.0, -13.84, -712.7,, 4994, 0, -558.7, 21.26, -168.9, 34.86, 419.6658020019531, 15.24,, 0
2023, 309,11,5, 19:00, 80.01, 0.0, -13.84, -712.7,, 5147, 0, -558.7, 21.26, -168.9, 34.86, 419.6658020019531, 15.24,, 0
2023, 309,11,5, 19:30, 80.01, 0.0, -13.84, -712.7,, 5400, 0, -558.7, 21.26, -168.9, 34.86, 419.6658020019531, 15.24,, 0
2023, 309,11,5, 20:00, 80.01, 0.0, -13.84, -712.7,, 5664, 0, -558.7, 21.26, -168.9, 34.86, 419.6658020019531, 15.24,, 0
2023, 309,11,5, 20:30, 80.01, 0.0, -13.84, -712.7,, 6121, 0, -558.7, 21.26, -168.9, 34.86, 419.6658020019531, 15.24,, 0
2023, 309,11,5, 21:00, 80.01, 0.0, -13.84, -712.7,, 6517, 0, -558.7, 21.26, -168.9, 34.86, 419.6658020019531, 15.24,, 0
2023, 309,11,5, 21:30, 80.01, 0.0, -13.84, -712.7,, 7001, 0, -558.7, 21.26, -168.9, 34.86, 419.6658020019531, 15.24,, 0
2023, 309,11,5, 22:00, 80.01, 0.0, -13.84, -712.7,, 7399, 0, -558.7, 21.26, -168.9, 34.86, 419.6658020019531, 15.24,, 0
2023, 309,11,5, 22:30, 80.01, 0.0, -13.84, -712.7,, 8099, 0, -558.7, 21.26, -168.9, 34.86, 419.6658020019531, 15.24,, 0
2023, 309,11,5, 23:00, 80.01, 0.0, -13.84, -712.7,, 8665, 0, -558.7, 21.26, -168.9, 34.86, 419.6658020019531, 15.24,, 0
2023, 309,11,5, 23:30, 80.01, 0.0, -13.84, -712.7,, 9410, 0, -558.7, 21.26, -168.9, 34.86, 419.6658020019531, 15.24,, 0
2023, 310,11,6, 00:00, 80.01, 0.0, -13.84, -712.7,, 10012, 0, -558.7, 21.26, -168.9, 34.86, 419.6658020019531, 15.24,, 0
2023, 310,11,6, 00:30, 80.01, 0.0, -13.84, -712.7,, 10629, 0, -558.7, 21.26, -168.9, 34.86, 419.6658020019531, 15.24,, 0
2023, 310,11,6, 01:00, 80.01, 0.0, -13.84, -712.7,, 11257, 0, -558.7, 21.26, -168.9, 34.86, 419.6658020019531, 15.24,, 0
2023, 310,11,6, 01:30, 80.01, 0.0, -13.84, -712.7,, 11954, 0, -558.7, 21.26, -168.9, 34.86, 419.6658020019531, 15.24,, 0
2023, 310,11,6, 02:00, 80.01, 0.0, -13.84, -712.7,, 12434, 0, -558.7, 21.26, -168.9, 34.86, 419.6658020019531, 15.24,, 0
2023, 310,11,6, 02:30, 80.01, 0.0, -13.84, -712.7,, 13089, 0, -558.7, 21.26, -168.9, 34.86, 419.6658020019531, 15.24,, 0
2023, 310,11,6, 03:00, 80.01, 0.0, -13.84, -712.7,, 13401, 0, -558.7, 21.26, -168.9, 34.86, 419.6658020019531, 15.24,, 0
2023, 310,11,6, 03:30, 80.01, 0.0, -13.84, -712.7,, 14013, 0, -558.7, 21.26, -168.9, 34.86, 419.6658020019531, 15.24,, 0
2023, 310,11,6, 04:00, 80.01, 0.0, -13.84, -712.7,, 14436, 0, -558.7, 21.26, -168.9, 34.86, 419.6658020019531, 15.24,, 0
2023, 310,11,6, 04:30, 80.01, 0.0, -13.84, -712.7,, 14673, 0, -558.7, 21.26, -168.9, 34.86, 419.6658020019531, 15.24,, 0
2023, 310,11,6, 05:00, 80.01, 0.0, -13.84, -712.7,, 14974, 0, -558.7, 21.26, -168.9, 34.86, 419.6658020019531, 15.24,, 0
2023, 310,11,6, 05:30, 80.01, 0.0, -13.84, -712.7,, 14823, 0, -558.7, 21.26, -168.9, 34.86, 419.6658020019531, 15.24,, 0
2023, 310,11,6, 06:00, 80.01, 0.0, -13.84, -712.7,, 15261, 0, -558.7, 21.26, -168.9, 34.86, 419.6658020019531, 15.24,, 0
2023, 310,11,6, 06:30, 80.01, 0.0, -13.84, -712.7,, 14885, 0, -558.7, 21.26, -168.9, 34.86, 419.6658020019531, 15.24,, 0
2023, 310,11,6, 07:00, 80.01, 0.0, -13.84, -712.7,, 14725, 0, -558.7, 21.26, -168.9, 34.86, 419.6658020019531, 15.24,, 0
2023, 310,11,6, 07:30, 80.01, 0.0, -13.84, -712.7,, 14683, 0, -558.7, 21.26, -168.9, 34.86, 419.6658020019531, 15.24,, 0
2023, 310,11,6, 08:00, 80.01, 0.0, -13.84, -712.7,, 14266, 0, -558.7, 21.26, -168.9, 34.86, 419.6658020019531, 15.24,, 0
2023, 310,11,6, 08:30, 80.01, 0.0, -13.84, -712.7,, 14008, 0, -558.7, 21.26, -168.9, 34.86, 419.6658020019531, 15.24,, 0
2023, 310,11,6, 09:00, 80.01, 0.0, -13.84, -712.7,, 13512, 0, -558.7, 21.26, -168.9, 34.86, 419.6658020019531, 15.24,, 0
2023, 310,11,6, 09:30, 80.01, 0.0, -13.84, -712.7,, 13061, 0, -558.7, 21.26, -168.9, 34.86, 419.6658020019531, 15.24,, 0
2023, 310,11,6, 10:00, 80.01, 0.0, -13.84, -712.7,, 12411, 0, -558.7, 21.26, -168.9, 34.86, 419.6658020019531, 15.24,, 0
2023, 310,11,6, 10:30, 80.01, 0.0, -13.84, -712.7,, 11814, 0, -558.7, 21.26, -168.9, 34.86, 419.6658020019531, 15.24,, 0
2023, 310,11,6, 11:00, 80.01, 0.0, -13.84, -712.7,, 11397, 0, -558.7, 21.26, -168.9, 34.86, 419.6658020019531, 15.24,, 0
2023, 310,11,6, 11:30, 80.01, 0.0, -13.84, -712.7,, 10770, 0, -558.7, 21.26, -168.9, 34.86, 419.6658020019531, 15.24,, 0
2023, 310,11,6, 12:00, 80.01, 0.0, -13.84, -712.7,, 10173, 0, -558.7, 21.26, -168.9, 34.86, 419.6658020019531, 15.24,, 0
2023, 310,11,6, 12:30, 80.01, 0.0, -13.84, -712.7,, 9499, 0, -558.7, 21.26, -168.9, 34.86, 419.6658020019531, 15.24,, 0
2023, 310,11,6, 13:00, 80.01, 0.0, -13.84, -712.7,, 8654, 0, -558.7, 21.26, -168.9, 34.86, 419.6658020019531, 15.24,, 0
2023, 310,11,6, 13:30, 80.01, 0.0, -13.84, -712.7,, 8113, 0, -558.7, 21.26, -168.9, 34.86, 419.6658020019531, 15.24,, 0
2023, 310,11,6, 14:00, 80.01, 0.0, -13.84, -712.7,, 7597, 0, -558.7, 21.26, -168.9, 34.86, 419.6658020019531, 15.24,, 0
2023, 310,11,6, 14:30, 80.01, 0.0, -13.84, -712.7,, 6825, 0, -558.7, 21.26, -168.9, 34.86, 419.6658020019531, 15.24,, 0
2023, 310,11,6, 15:00, 80.01, 0.0, -13.84, -712.7,, 6554, 0, -558.7, 21.26, -168.9, 34.86, 419.6658020019531, 15.24,, 0
2023, 310,11,6, 15:30, 80.01, 0.0, -13.84, -712.7,, 5996, 0, -558.7, 21.26, -168.9, 34.86, 419.6658020019531, 15.24,, 0
2023, 310,11,6, 16:00, 80.01, 0.0, -13.84, -712.7,, 5711, 0, -558.7, 21.26, -168.9, 34.86, 419.6658020019531, 15.24,, 0
2023, 310,11,6, 16:30, 80.01, 0.0, -13.84, -712.7,, 5465, 0, -558.7, 21.26, -168.9, 34.86, 419.6658020019531, 15.24,, 0
2023, 310,11,6, 17:00, 80.01, 0.0, -13.84, -712.7,, 5241, 0, -558.7, 21.26, -168.9, 34.86, 419.6658020019531, 15.24,, 0
2023, 310,11,6, 17:30, 80.01, 0.0, -13.84, -712.7,, 5062, 0, -558.7, 21.26, -168.9, 34.86, 419.6658020019531, 15.24,, 0
2023, 310,11,6, 18:00, 80.01, 0.0, -13.84, -712.7,, 5000, 0, -558.7, 21.26, -168.9, 34.86, 419.6658020019531, 15.24,, 0
2023, 310,11,6, 18:30, 80.01, 0.0, -13.84, -712.7,, 5053, 0, -558.7, 21.26, -168.9, 34.86, 419.6658020019531, 15.24,, 0
2023, 310,11,6, 19:00, 80.01, 0.0, -13.84, -712.7,, 5209, 0, -558.7, 21.26, -168.9, 34.86, 419.6658020019531, 15.24,, 0
2023, 310,11,6, 19:30, 80.01, 0.0, -13.84, -712.7,, 5401, 0, -558.7, 21.26, -168.9, 34.86, 419.6658020019531, 15.24,, 0
2023, 310,11,6, 20:00, 80.01, 0.0, -13.84, -712.7,, 5723, 0, -558.7, 21.26, -168.9, 34.86, 419.6658020019531, 15.24,, 0
2023, 310,11,6, 20:30, 80.01, 0.0, -13.84, -712.7,, 5992, 0, -558.7, 21.26, -168.9, 34.86, 419.6658020019531, 15.24,, 0
2023, 310,11,6, 21:00, 80.01, 0.0, -13.84, -712.7,, 6642, 0, -558.7, 21.26, -168.9, 34.86, 419.6658020019531, 15.24,, 0
2023, 310,11,6, 21:30, 80.01, 0.0, -13.84, -712.7,, 7004, 0, -558.7, 21.26, -168.9, 34.86, 419.6658020019531, 15.24,, 0
2023, 310,11,6, 22:00, 80.01, 0.0, -13.84, -712.7,, 7452, 0, -558.7, 21.26, -168.9, 34.86, 419.6658020019531, 15.24,, 0
2023, 310,11,6, 22:30, 80.01, 0.0, -13.84, -712.7,, 8299, 0, -558.7, 21.26, -168.9, 34.86, 419.6658020019531, 15.24,, 0
2023, 310,11,6, 23:00, 80.01, 0.0, -13.84, -712.7,, 8611, 0, -558.7, 21.26, -168.9, 34.86, 419.6658020019531, 15.24,, 0
2023, 310,11,6, 23:30, 80.01, 0.0, -13.84, -712.7,, 9331, 0, -558.7, 21.26, -168.9, 34.86, 419.6658020019531, 15.24,, 0
2023, 311,11,7, 00:00, 80.01, 0.0, -13.84, -712.7,, 9998, 0, -558.7, 21.26, -168.9, 34.86, 419.6658020019531, 15.24,, 0
2023, 311,11,7, 00:30, 80.01, 0.0, -13.84, -712.7,, 10499, 0, -558.7, 21.26, -168.9, 34.86, 419.6658020019531, 15.24,, 0
2023, 311,11,7, 01:00, 80.01, 0.0, -13.84, -712.7,, 11223, 0, -558.7, 21.26, -168.9, 34.86, 419.6658020019531, 15.24,, 0
2023, 311,11,7, 01:30, 80.01, 0.0, -13.84, -712.7,, 11763, 0, -558.7, 21.26, -168.9, 34.86, 419.6658020019531, 15.24,, 0
2023, 311,11,7, 02:00, 80.01, 0.0, -13.84, -712.7,, 12510, 0, -558.7, 21.26, -168.9, 34.86, 419.6658020019531, 15.24,, 0
2023, 311,11,7, 02:30, 80.01, 0.0, -13.84, -712.7,, 13005, 0, -558.7, 21.26, -168.9, 34.86, 419.6658020019531, 15.24,, 0
2023, 311,11,7, 03:00, 80.01, 0.0, -13.84, -712.7,, 13819, 0, -558.7, 21.26, -168.9, 34.86, 419.6658020019531, 15.24,, 0
2023, 311,11,7, 03:30, 80.01, 0.0, -13.84, -712.7,, 14031, 0, -558.7, 21.26, -168.9, 34.86, 419.6658020019531, 15.24,, 0
2023, 311,11,7, 04:00, 80.01, 0.0, -13.84, -712.7,, 14459, 0, -558.7, 21.26, -168.9, 34.86, 419.6658020019531, 15.24,, 0
2023, 311,11,7, 04:30, 80.01, 0.0, -13.84, -712.7,, 14523, 0, -558.7, 21.26, -168.9, 34.86, 419.6658020019531, 15.24,, 0
2023, 311,11,7, 05:00, 80.01, 0.0, -13.84, -712.7,, 15069, 0, -558.7, 21.26, -168.9, 34.86, 419.6658020019531, 15.24,, 0
2023, 311,11,7, 05:30, 80.01, 0.0, -13.84, -712.7,, 15024, 0, -558.7, 21.26, -168.9, 34.86, 419.6658020019531, 15.24,, 0
2023, 311,11,7, 06:00, 80.01, 0.0, -13.84, -712.7,, 15121, 0, -558.7, 21.26, -168.9, 34.86, 419.6658020019531, 15.24,, 0
2023, 311,11,7, 06:30, 80.01, 0.0, -13.84, -712.7,, 15057, 0, -558.7, 21.26, -168.9, 34.86, 419.6658020019531, 15.24,, 0
2023, 311,11,7, 07:00, 80.01, 0.0, -13.84, -712.7,, 14772, 0, -558.7, 21.26, -168.9, 34.86, 419.6658020019531, 15.24,, 0
2023, 311,11,7, 07:30, 80.01, 0.0, -13.84, -712.7,, 14669, 0, -558.7, 21.26, -168.9, 34.86, 419.6658020019531, 15.24,, 0
2023, 311,11,7, 08:00, 80.01, 0.0, -13.84, -712.7,, 14238, 0, -558.7, 21.26, -168.9, 34.86, 419.6658020019531, 15.24,, 0
2023, 311,11,7, 08:30, 80.01, 0.0, -13.84, -712.7,, 13898, 0, -558.7, 21.26, -168.9, 34.86, 419.6658020019531, 15.24,, 0
2023, 311,11,7, 09:00, 80.01, 0.0, -13.84, -712.7,, 13350, 0, -558.7, 21.26, -168.9, 34.86, 419.6658020019531, 15.24,, 0
2023, 311,11,7, 09:30, 80.01, 0.0, -13.84, -712.7,, 13070, 0, -558.7, 21.26, -168.9, 34.86, 419.6658020019531, 15.24,, 0
2023, 311,11,7, 10:00, 80.01, 0.0, -13.84, -712.7,, 12671, 0, -558.7, 21.26, -168.9, 34.86, 419.6658020019531, 15.24,, 0
2023, 311,11,7, 10:30, 80.01, 0.0, -13.84, -712.7,, 11952, 0, -558.7, 21.26, -168.9, 34.86, 419.6658020019531, 15.24,, 0
2023, 311,11,7, 11:00, 80.01, 0.0, -13.84, -712.7,, 11174, 0, -558.7, 21.26, -168.9, 34.86, 419.6658020019531, 15.24,, 0
2023, 311,11,7, 11:30, 80.01, 0.0, -13.84, -712.7,, 10631, 0, -558.7, 21.26, -168.9, 34.86, 419.6658020019531, 15.24,, 0
2023, 311,11,7, 12:00, 80.01, 0.0, -13.84, -712.7,, 10014, 0, -558.7, 21.26, -168.9, 34.86, 419.6658020019531, 15.24,, 0
2023, 311,11,7, 12:30, 80.01, 0.0, -13.84, -712.7,, 9398, 0, -558.7, 21.26, -168.9, 34.86, 419.6658020019531, 15.24,, 0
2023, 311,11,7, 13:00, 80.01, 0.0, -13.84, -712.7,, 8733, 0, -558.7, 21.26, -168.9, 34.86, 419.6658020019531, 15.24,, 0
2023, 311,11,7, 13:30, 80.01, 0.0, -13.84, -712.7,, 8173, 0, -558.7, 21.26, -168.9, 34.86, 419.6658020019531, 15.24,, 0
2023, 311,11,7, 14:00, 80.01, 0.0, -13.84, -712.7,, 7431, 0, -558.7, 21.26, -168.9, 34.86, 419.6658020019531, 15.24,, 0
2023, 311,11,7, 14:30, 80.01, 0.0, -13.84, -712.7,, 6922, 0, -558.7, 21.26, -168.9, 34.86, 419.6658020019531, 15.24,, 0
2023, 311,11,7, 15:00, 80.01, 0.0, -13.84, -712.7,, 6456, 0, -558.7, 21.26, -168.9, 34.86, 419.6658020019531, 15.24,, 0
2023, 311,11,7, 15:30, 80.01, 0.0, -13.84, -712.7,, 6109, 0, -558.7, 21.26, -168.9, 34.86, 419.6658020019531, 15.24,, 0
2023, 311,11,7, 16:00, 80.01, 0.0, -13.84, -712.7,, 5663, 0, -558.7, 21.26, -168.9, 34.86, 419.6658020019531, 15.24,, 0
2023, 311,11,7, 16:30, 80.01, 0.0, -13.84, -712.7,, 5372, 0, -558.7, 21.26, -168.9, 34.86, 419.6658020019531, 15.24,, 0
2023, 311,11,7, 17:00, 80.01, 0.0, -13.84, -712.7,, 5274, 0, -558.7, 21.26, -168.9, 34.86, 419.6658020019531, 15.24,, 0
2023, 311,11,7, 17:30, 80.01, 0.0, -13.84, -712.7,, 5025, 0, -558.7, 21.26, -168.9, 34.86, 419.6658020019531, 15.24,, 0
2023, 311,11,7, 18:00, 80.01, 0.0, -13.84, -712.7,, 4946, 0, -558.7, 21.26, -168.9, 34.86, 419.6658020019531, 15.24,, 0
2023, 311,11,7, 18:30, 80.01, 0.0, -13.84, -712.7,, 4975, 0, -558.7, 21.26, -168.9, 34.86, 419.6658020019531, 15.24,, 0
2023, 311,11,7, 19:00, 80.01, 0.0, -13.84, -712.7,, 5192, 0, -558.7, 21.26, -168.9, 34.86, 419.6658020019531, 15.24,, 0
2023, 311,11,7, 19:30, 80.01, 0.0, -13.84, -712.7,, 5415, 0, -558.7, 21.26, -168.9, 34.86, 419.6658020019531, 15.24,, 0
2023, 311,11,7, 20:00, 80.01, 0.0, -13.84, -712.7,, 5580, 0, -558.7, 21.26, -168.9, 34.86, 419.6658020019531, 15.24,, 0
2023, 311,11,7, 20:30, 80.01, 0.0, -13.84, -712.7,, 6058, 0, -558.7, 21.26, -168.9, 34.86, 419.6658020019531, 15.24,, 0
2023, 311,11,7, 21:00, 80.01, 0.0, -13.84, -712.7,, 6487, 0, -558.7, 21.26, -168.9, 34.86, 419.6658020019531, 15.24,, 0
2023, 311,11,7, 21:30, 80.01, 0.0, -13.84, -712.7,, 6821, 0, -558.7, 21.26, -168.9, 34.86, 419.6658020019531, 15.24,, 0
2023, 311,11,7, 22:00, 80.01, 0.0, -13.84, -712.7,, 7481, 0, -558.7, 21.26, -168.9, 34.86, 419.6658020019531, 15.24,, 0
2023, 311,11,7, 22:30, 80.01, 0.0, -13.84, -712.7,, 7976, 0, -558.7, 21.26, -168.9, 34.86, 419.6658020019531, 15.24,, 0
2023, 311,11,7, 23:00, 80.01, 0.0, -13.84, -712.7,, 8650, 0, -558.7, 21.26, -168.9, 34.86, 419.6658020019531, 15.24,, 0
2023, 311,11,7, 23:30, 80.01, 0.0, -13.84, -712.7,, 9538, 0, -558.7, 21.26, -168.9, 34.86, 419.6658020019531, 15.24,, 0
2023, 312,11,8, 00:00, 80.01, 0.0, -13.84, -712.7,, 10014, 0, -558.7, 21.26, -168.9, 34.86, 419.6658020019531, 15.24,, 0
2023, 312,11,8, 00:30, 80.01, 0.0, -13.84, -712.7,, 10549, 0, -558.7, 21.26, -168.9, 34.86, 419.6658020019531, 15.24,, 0
2023, 312,11,8, 01:00, 80.01, 0.0, -13.84, -712.7,, 11323, 0, -558.7, 21.26, -168.9, 34.86, 419.6658020019531, 15.24,, 0
2023, 312,11,8, 01:30, 80.01, 0.0, -13.84, -712.7,, 12079, 0, -558.7, 21.26, -168.9, 34.86, 419.6658020019531, 15.24,, 0
2023, 312,11,8, 02:00, 80.01, 0.0, -13.84, -712.7,, 12368, 0, -558.7, 21.26, -168.9, 34.86, 419.6658020019531, 15.24,, 0
2023, 312,11,8, 02:30, 80.01, 0.0, -13.84, -712.7,, 12986, 0, -558.7, 21.26, -168.9, 34.86, 419.6658020019531, 15.24,, 0
2023, 312,11,8, 03:00, 80.01, 0.0, -13.84, -712.7,, 13458, 0, -558.7, 21.26, -168.9, 34.86, 419.6658020019531, 15.24,, 0
2023, 312,11,8, 03:30, 80.01, 0.0, -13.84, -712.7,, 14273, 0, -558.7, 21.26, -168.9, 34.86, 419.6658020019531, 15.24,, 0
2023, 312,11,8, 04:00, 80.01, 0.0, -13.84, -712.7,, 14455, 0, -558.7, 21.26, -168.9, 34.86, 419.6658020019531, 15.24,, 0
2023, 312,11,8, 04:30, 80.01, 0.0, -13.84, -712.7,, 14641, 0, -558.7, 21.26, -168.9, 34.86, 419.6658020019531, 15.24,, 0
2023, 312,11,8, 05:00, 80.01, 0.0, -13.84, -712.7,, 14758, 0, -558.7, 21.26, -168.9, 34.86, 419.6658020019531, 15.24,, 0
2023, 312,11,8, 05:30, 80.01, 0.0, -13.84, -712.7,, 14897, 0, -558.7, 21.26, -168.9, 34.86, 419.6658020019531, 15.24,, 0
2023, 312,11,8, 06:00, 80.01, 0.0, -13.84, -712.7,, 15047, 0, -558.7, 21.26, -168.9, 34.86, 419.6658020019531, 15.24,, 0
2023, 312,11,8, 06:30, 80.01, 0.0, -13.84, -712.7,, 15126, 0, -558.7, 21.26, -168.9, 34.86, 419.6658020019531, 15.24,, 0
2023, 312,11,8, 07:00, 80.01, 0.0, -13.84, -712.7,, 14865, 0, -558.7, 21.26, -168.9, 34.86, 419.6658020019531, 15.24,, 0
2023, 312,11,8, 07:30, 80.01, 0.0, -13.84, -712.7,, 14664, 0, -558.7, 21.26, -168.9, 34.86, 419.6658020019531, 15.24,, 0
2023, 312,11,8, 08:00, 80.01, 0.0, -13.84, -712.7,, 14364, 0, -558.7, 21.26, -168.9, 34.86, 419.6658020019531, 15.24,, 0
2023, 312,11,8, 08:30, 80.01, 0.0, -13.84, -712.7,, 14104, 0, -558.7, 21.26, -168.9, 34.86, 419.6658020019531, 15.24,, 0
2023, 312,11,8, 09:00, 80.01, 0.0, -13.84, -712.7,, 13666, 0, -558.7, 21.26, -168.9, 34.86, 419.6658020019531, 15.24,, 0
2023, 312,11,8, 09:30, 80.01, 0.0, -13.84, -712.7,, 13007, 0, -558.7, 21.26, -168.9, 34.86, 419.6658020019531, 15.24,, 0
2023, 312,11,8, 10:00, 80.01, 0.0, -13.84, -712.7,, 12608, 0, -558.7, 21.26, -168.9, 34.86, 419.6658020019531, 15.24,, 0
2023, 312,11,8, 10:30, 80.01, 0.0, -13.84, -712.7,, 11986, 0, -558.7, 21.26, -168.9, 34.86, 419.6658020019531, 15.24,, 0
2023, 312,11,8, 11:00, 80.01, 0.0, -13.84, -712.7,, 11319, 0, -558.7, 21.26, -168.9, 34.86, 419.6658020019531, 15.24,, 0
2023, 312,11,8, 11:30, 80.01, 0.0, -13.84, -712.7,, 10672, 0, -558.7, 21.26, -168.9, 34.86, 419.6658020019531, 15.24,, 0
2023, 312,11,8, 12:00, 80.01, 0.0, -13.84, -712.7,, 10088, 0, -558.7, 21.26, -168.9, 34.86, 419.6658020019531, 15.24,, 0
2023, 312,11,8, 12:30, 80.01, 0.0, -13.84, -712.7,, 9220, 0, -558.7, 21.26, -168.9, 34.86, 419.6658020019531, 15.24,, 0
2023, 312,11,8, 13:00, 80.01, 0.0, -13.84, -712.7,, 8688, 0, -558.7, 21.26, -168.9, 34.86, 419.6658020019531, 15.24,, 0
2023, 312,11,8, 13:30, 80.01, 0.0, -13.84, -712.7,, 7985, 0, -558.7, 21.26, -168.9, 34.86, 419.6658020019531, 15.24,, 0
2023, 312,11,8, 14:00, 80.01, 0.0, -13.84, -712.7,, 7400, 0, -558.7, 21.26, -168.9, 34.86, 419.6658020019531, 15.24,, 0
2023, 312,11,8, 14:30, 80.01, 0.0, -13.84, -712.7,, 7086, 0, -558.7, 21.26, -168.9, 34.86, 419.6658020019531, 15.24,, 0
2023, 312,11,8, 15:00, 80.01, 0.0, -13.84, -712.7,, 6415, 0, -558.7, 21.26, -168.9, 34.86, 419.6658020019531, 15.24,, 0
2023, 312,11,8, 15:30, 80.01, 0.0, -13.84, -712.7,, 6037, 0, -558.7, 21.26, -168.9, 34.86, 419.6658020019531, 15.24,, 0
2023, 312,11,8, 16:00, 80.01, 0.0, -13.84, -712.7,, 5674, 0, -558.7, 21.26, -168.9, 34.86, 419.6658020019531, 15.24,, 0
2023, 312,11,8, 16:30, 80.01, 0.0, -13.84, -712.7,, 5300, 0, -558.7, 21.26, -168.9, 34.86, 419.6658020019531, 15.24,, 0
2023, 312,11,8, 17:00, 80.01, 0.0, -13.84, -712.7,, 5143, 0, -558.7, 21.26, -168.9, 34.86, 419.6658020019531, 15.24,, 0
2023, 312,11,8, 17:30, 80.01, 0.0, -13.84, -712.7,, 5047, 0, -558.7, 21.26, -168.9, 34.86, 419.6658020019531, 15.24,, 0
2023, 312,11,8, 18:00, 80.01, 0.0, -13.84, -712.7,, 5059, 0, -558.7, 21.26, -168.9, 34.86, 419.6658020019531, 15.24,, 0
2023, 312,11,8, 18:30, 80.01, 0.0, -13.84, -712.7,, 4984, 0, -558.7, 21.26, -168.9, 34.86, 419.6658020019531, 15.24,, 0
2023, 312,11,8, 19:00, 80.01, 0.0, -13.84, -712.7,, 5133, 0, -558.7, 21.26, -168.9, 34.86, 419.6658020019531, 15.24,, 0
2023, 312,11,8, 19:30, 80.01, 0.0, -13.84, -712.7,, 5333, 0, -558.7, 21.26, -168.9, 34.86, 419.6658020019531, 15.24,, 0
2023, 312,11,8, 20:00, 80.01, 0.0, -13.84, -712.7,, 5646, 0, -558.7, 21.26, -168.9, 34.86, 419.6658020019531, 15.24,, 0
2023, 312,11,8, 20:30, 80.01, 0.0, -13.84, -712.7,, 6130, 0, -558.7, 21.26, -168.9, 34.86, 419.6658020019531, 15.24,, 0
2023, 312,11,8, 21:00, 80.01, 0.0, -13.84, -712.7,, 6428, 0, -558.7, 21.26, -168.9, 34.86, 419.6658020019531, 15.24,, 0
2023, 312,11,8, 21:30, 80.01, 0.0, -13.84, -712.7,, 6952, 0, -558.7, 21.26, -168.9, 34.86, 419.6658020019531, 15.24,, 0
2023, 312,11,8, 22:00, 80.01, 0.0, -13.84, -712.7,, 7454, 0, -558.7, 21.26, -168.9, 34.86, 419.6658020019531, 15.24,, 0
2023, 312,11,8, 22:30, 80.01, 0.0, -13.84, -712.7,, 8243, 0, -558.7, 21.26, -168.9, 34.86, 419.6658020019531, 15.24,, 0
2023, 312,11,8, 23:00, 80.01, 0.0, -13.84, -712.7,, 8620, 0, -558.7, 21.26, -168.9, 34.86, 419.6658020019531, 15.24,, 0
2023, 312,11,8, 23:30, 80.01, 0.0, -13.84, -712.7,, 9253, 0, -558.7, 21.26, -168.9, 34.86, 419.6658020019531, 15.24,, 0
2023, 313,11,9, 00:00, 80.01, 0.0, -13.84, -712.7,, 9895, 0, -558.7, 21.26, -168.9, 34.86, 419.6658020019531, 15.24,, 0
2023, 313,11,9, 00:30, 80.01, 0.0, -13.84, -712.7,, 10680, 0, -558.7, 21.26, -168.9, 34.86, 419.6658020019531, 15.24,, 0
2023, 313,11,9, 01:00, 80.01, 0.0, -13.84, -712.7,, 11323, 0, -558.7, 21.26, -168.9, 34.86, 419.6658020019531, 15.24,, 0
2023, 313,11,9, 01:30, 80.01, 0.0, -13.84, -712.7,, 12182, 0, -558.7, 21.26, -168.9, 34.86, 419.6658020019531, 15.24,, 0
2023, 313,11,9, 02:00, 80.01, 0.0, -13.84, -712.7,, 12513, 0, -558.7, 21.26, -168.9, 34.86, 419.6658020019531, 15.24,, 0
2023, 313,11,9, 02:30, 80.01, 0.0, -13.84, -712.7,, 12984, 0, -558.7, 21.26, -168.9, 34.86, 419.6658020019531, 15.24,, 0
2023, 313,11,9, 03:00, 80.01, 0.0, -13.84, -712.7,, 13186, 0, -558.7, 21.26, -168.9, 34.86, 419.6658020019531, 15.24,, 0
2023, 313,11,9, 03:30, 80.01, 0.0, -13.84, -712.7,, 13765, 0, -558.7, 21.26, -168.9, 34.86, 419.6658020019531, 15.24,, 0
2023, 313,11,9, 04:00, 80.01, 0.0, -13.84, -712.7,, 14347, 0, -558.7, 21.26, -168.9, 34.86, 419.6658020019531, 15.24,, 0
2023, 313,11,9, 04:30, 80.01, 0.0, -13.84, -712.7,, 14316, 0, -558.7, 21.26, -168.9, 34.86, 419.6658020019531, 15.24,, 0
2023, 313,11,9, 05:00, 80.01, 0.0, -13.84, -712.7,, 14981, 0, -558.7, 21.26, -168.9, 34.86, 419.6658020019531, 15.24,, 0
2023, 313,11,9, 05:30, 80.01, 0.0, -13.84, -712.7,, 14924, 0, -558.7, 21.26, -168.9, 34.86, 419.6658020019531, 15.24,, 0
2023, 313,11,9, 06:00, 80.01, 0.0, -13.84, -712.7,, 15109, 0, -558.7, 21.26, -168.9, 34.86, 419.6658020019531, 15.24,, 0
2023, 313,11,9, 06:30, 80.01, 0.0, -13.84, -712.7,, 14984, 0, -558.7, 21.26, -168.9, 34.86, 419.6658020019531, 15.24,, 0
2023, 313,11,9, 07:00, 80.01, 0.0, -13.84, -712.7,, 14811, 0, -558.7, 21.26, -168.9, 34.86, 419.6658020019531, 15.24,, 0
2023, 313,11,9, 07:30, 80.01, 0.0, -13.84, -712.7,, 14730, 0, -558.7, 21.26, -168.9, 34.86, 419.6658020019531, 15.24,, 0
2023, 313,11,9, 08:00, 80.01, 0.0, -13.84, -712.7,, 14223, 0, -558.7, 21.26, -168.9, 34.86, 419.6658020019531, 15.24,, 0
2023, 313,11,9, 08:30, 80.01, 0.0, -13.84, -712.7,, 13846, 0, -558.7, 21.26, -168.9, 34.86, 419.6658020019531, 15.24,, 0
2023, 313,11,9, 09:00, 80.01, 0.0, -13.84, -712.7,, 13516, 0, -558.7, 21.26, -168.9, 34.86, 419.6658020019531, 15.24,, 0
2023, 313,11,9, 09:30, 80.01, 0.0, -13.84, -712.7,, 13080, 0, -558.7, 21.26, -168.9, 34.86, 419.6658020019531, 15.24,, 0
2023, 313,11,9, 10:00, 80.01, 0.0, -13.84, -712.7,, 12496, 0, -558.7, 21.26, -168.9, 34.86, 419.6658020019531, 15.24,, 0
2023, 313,11,9, 10:30, 80.01, 0.0, -13.84, -712.7,, 11900, 0, -558.7, 21.26, -168.9, 34.86, 419.6658020019531, 15.24,, 0
2023, 313,11,9, 11:00, 80.01, 0.0, -13.84, -712.7,, 11280, 0, -558.7, 21.26, -168.9, 34.86, 419.6658020019531, 15.24,, 0
2023, 313,11,9, 11:30, 80.01, 0.0, -13.84, -712.7,, 10674, 0, -558.7, 21.26, -168.9, 34.86, 419.6658020019531, 15.24,, 0
2023, 313,11,9, 12:00, 80.01, 0.0, -13.84, -712.7,, 10297, 0, -558.7, 21.26, -168.9, 34.86, 419.6658020019531, 15.24,, 0
2023, 313,11,9, 12:30, 80.01, 0.0, -13.84, -712.7,, 9412, 0, -558.7, 21.26, -168.9, 34.86, 419.6658020019531, 15.24,, 0
2023, 313,11,9, 13:00, 80.01, 0.0, -13.84, -712.7,, 8685, 0, -558.7, 21.26, -168.9, 34.86, 419.6658020019531, 15.24,, 0
2023, 313,11,9, 13:30, 80.01, 0.0, -13.84, -712.7,, 8140, 0, -558.7, 21.26, -168.9, 34.86, 419.6658020019531, 15.24,, 0
2023, 313,11,9, 14:00, 80.01, 0.0, -13.84, -712.7,, 7511, 0, -558.7, 21.26, -168.9, 34.86, 419.6658020019531, 15.24,, 0
2023, 313,11,9, 14:30, 80.01, 0.0, -13.84, -712.7,, 7001, 0, -558.7, 21.26, -168.9, 34.86, 419.6658020019531, 15.24,, 0
2023, 313,11,9, 15:00, 80.01, 0.0, -13.84, -712.7,, 6693, 0, -558.7, 21.26, -168.9, 34.86, 419.6658020019531, 15.24,, 0
2023, 313,11,9, 15:30, 80.01, 0.0, -13.84, -712.7,, 6055, 0, -558.7, 21.26, -168.9, 34.86, 419.6658020019531, 15.24,, 0
2023, 313,11,9, 16:00, 80.01, 0.0, -13.84, -712.7,, 5613, 0, -558.7, 21.26, -168.9, 34.86, 419.6658020019531, 15.24,, 0
2023, 313,11,9, 16:30, 80.01, 0.0, -13.84, -712.7,, 5327, 0, -558.7, 21.26, -168.9, 34.86, 419.6658020019531, 15.24,, 0
2023, 313,11,9, 17:00, 80.01, 0.0, -13.84, -712.7,, 5114, 0, -558.7, 21.26, -168.9, 34.86, 419.6658020019531, 15.24,, 0
2023, 313,11,9, 17:30, 80.01, 0.0, -13.84, -712.7,, 5204, 0, -558.7, 21.26, -168.9, 34.86, 419.6658020019531, 15.24,, 0
2023, 313,11,9, 18:00, 80.01, 0.0, -13.84, -712.7,, 4958, 0, -558.7, 21.26, -168.9, 34.86, 419.6658020019531, 15.24,, 0
2023, 313,11,9, 18:30, 80.01, 0.0, -13.84, -712.7,, 5025, 0, -558.7, 21.26, -168.9, 34.86, 419.6658020019531, 15.24,, 0
2023, 313,11,9, 19:00, 80.01, 0.0, -13.84, -712.7,, 5313, 0, -558.7, 21.26, -168.9, 34.86, 419.6658020019531, 15.24,, 0
2023, 313,11,9, 19:30, 80.01, 0.0, -13.84, -712.7,, 5491, 0, -558.7, 21.26, -168.9, 34.86, 419.6658020019531, 15.24,, 0
2023, 313,11,9, 20:00, 80.01, 0.0, -13.84, -712.7,, 5667, 0, -558.7, 21.26, -168.9, 34.86, 419.6658020019531, 15.24,, 0
2023, 313,11,9, 20:30, 80.01, 0.0, -13.84, -712.7,, 5954, 0, -558.7, 21.26, -168.9, 34.86, 419.6658020019531, 15.24,, 0
2023, 313,11,9, 21:00, 80.01, 0.0, -13.84, -712.7,, 6481, 0, -558.7, 21.26, -168.9, 34.86, 419.6658020019531, 15.24,, 0
2023, 313,11,9, 21:30, 80.01, 0.0, -13.84, -712.7,, 6904, 0, -558.7, 21.26, -168.9, 34.86, 419.6658020019531, 15.24,, 0
2023, 313,11,9, 22:00, 80.01, 0.0, -13.84, -712.7,, 7312, 0, -558.7, 21.26, -168.9, 34.86, 419.6658020019531, 15.24,, 0
2023, 313,11,9, 22:30, 80.01, 0.0, -13.84, -712.7,, 7997, 0, -558.7, 21.26, -168.9, 34.86, 419.6658020019531, 15.24,, 0
2023, 313,11,9, 23:00, 80.01, 0.0, -13.84, -712.7,, 8653, 0, -558.7, 21.26, -168.9, 34.86, 419.6658020019531, 15.24,, 0
2023, 313,11,9, 23:30, 80.01, 0.0, -13.84, -712.7,, 9197, 0, -558.7, 21.26, -168.9, 34.86, 419.6658020019531, 15.24,, 0
2023, 314,11,10, 00:00, 80.01, 0.0, -13.84, -712.7,, 9970, 0, -558.7, 21.26, -168.9, 34.86, 419.6658020019531, 15.24,, 0
2023, 314,11,10, 00:30, 80.01, 0.0, -13.84, -712.7,, 10595, 0, -558.7, 21.26, -168.9, 34.86, 419.6658020019531, 15.24,, 0
2023, 314,11,10, 01:00, 80.01, 0.0, -13.84, -712.7,, 11197, 0, -558.7, 21.26, -168.9, 34.86, 419.6658020019531, 15.24,, 0
2023, 314,11,10, 01:30, 80.01, 0.0, -13.84, -712.7,, 11961, 0, -558.7, 21.26, -168.9, 34.86, 419.6658020019531, 15.24,, 0
2023, 314,11,10, 02:00, 80.01, 0.0, -13.84, -712.7,, 12602, 0, -558.7, 21.26, -168.9, 34.86, 419.6658020019531, 15.24,, 0
2023, 314,11,10, 02:30, 80.01, 0.0, -13.84, -712.7,, 12907, 0, -558.7, 21.26, -168.9, 34.86, 419.6658020019531, 15.24,, 0
2023, 314,11,10, 03:00, 80.01, 0.0, -13.84, -712.7,, 13630, 0, -558.7, 21.26, -168.9, 34.86, 419.6658020019531, 15.24,, 0
2023, 314,11,10, 03:30, 80.01, 0.0, -13.84, -712.7,, 13943, 0, -558.7, 21.26, -168.9, 34.86, 419.6658020019531, 15.24,, 0
2023, 314,11,10, 04:00, 80.01, 0.0, -13.84, -712.7,, 14391, 0, -558.7, 21.26, -168.9, 34.86, 419.6658020019531, 15.24,, 0
2023, 314,11,10, 04:30, 80.01, 0.0, -13.84, -712.7,, 14908, 0, -558.7, 21.26, -168.9, 34.86, 419.6658020019531, 15.24,, 0
2023, 314,11,10, 05:00, 80.01, 0.0, -13.84, -712.7,, 15001, 0, -558.7, 21.26, -168.9, 34.86, 419.6658020019531, 15.24,, 0
2023, 314,11,10, 05:30, 80.01, 0.0, -13.84, -712.7,, 14949, 0, -558.7, 21.26, -168.9, 34.86, 419.6658020019531, 15.24,, 0
2023, 314,11,10, 06:00, 80.01, 0.0, -13.84, -712.7,, 14943, 0, -558.7, 21.26, -168.9, 34.86, 419.6658020019531, 15.24,, 0
2023, 314,11,10, 06:30, 80.01, 0.0, -13.84, -712.7,, 14846, 0, -558.7, 21.26, -168.9, 34.86, 419.6658020019531, 15.24,, 0
2023, 314,11,10, 07:00, 80.01, 0.0, -13.84, -712.7,, 15058, 0, -558.7, 21.26, -168.9, 34.86, 419.6658020019531, 15.24,, 0
2023, 314,11,10, 07:30, 80.01, 0.0, -13.84, -712.7,, 14674, 0, -558.7, 21.26, -168.9, 34.86, 419.6658020019531, 15.24,, 0
2023, 314,11,10, 08:00, 80.01, 0.0, -13.84, -712.7,, 14084, 0, -558.7, 21.26, -168.9, 34.86, 419.6658020019531, 15.24,, 0
2023, 314,11,10, 08:30, 80.01, 0.0, -13.84, -712.7,, 13874, 0, -558.7, 21.26, -168.9, 34.86, 419.6658020019531, 15.24,, 0
2023, 314,11,10, 09:00, 80.01, 0.0, -13.84, -712.7,, 13581, 0, -558.7, 21.26, -168.9, 34.86, 419.6658020019531, 15.24,, 0
2023, 314,11,10, 09:30, 80.01, 0.0, -13.84, -712.7,, 13035, 0, -558.7, 21.26, -168.9, 34.86, 419.6658020019531, 15.24,, 0
2023, 314,11,10, 10:00, 80.01, 0.0, -13.84, -712.7,, 12556, 0, -558.7, 21.26, -168.9, 34.86, 419.6658020019531, 15.24,, 0
2023, 314,11,10, 10:30, 80.01, 0.0, -13.84, -712.7,, 11918, 0, -558.7, 21.26, -168.9, 34.86, 419.6658020019531, 15.24,, 0
2023, 314,11,10, 11:00, 80.01, 0.0, -13.84, -712.7,, 11287, 0, -558.7, 21.26, -168.9, 34.86, 419.6658020019531, 15.24,, 0
2023, 314,11,10, 11:30, 80.01, 0.0, -13.84, -712.7,, 10547, 0, -558.7, 21.26, -168.9, 34.86, 419.6658020019531, 15.24,, 0
2023, 314,11,10, 12:00, 80.01, 0.0, -13.84, -712.7,, 9914, 0, -558.7, 21.26, -168.9, 34.86, 419.6658020019531, 15.24,, 0
2023, 314,11,10, 12:30, 80.01, 0.0, -13.84, -712.7,, 9256, 0, -558.7, 21.26, -168.9, 34.86, 419.6658020019531, 15.24,, 0
2023, 314,11,10, 13:00, 80.01, 0.0, -13.84, -712.7,, 8770, 0, -558.7, 21.26, -168.9, 34.86, 419.6658020019531, 15.24,, 0
2023, 314,11,10, 13:30, 80.01, 0.0, -13.84, -712.7,, 8084, 0, -558.7, 21.26, -168.9, 34.86, 419.6658020019531, 15.24,, 0
2023, 314,11,10, 14:00, 80.01, 0.0, -13.84, -712.7,, 7481, 0, -558.7, 21.26, -168.9, 34.86, 419.6658020019531, 15.24,, 0
2023, 314,11,10, 14:30, 80.01, 0.0, -13.84, -712.7,, 6996, 0, -558.7, 21.26, -168.9, 34.86, 419.6658020019531, 15.24,, 0
2023, 314,11,10, 15:00, 80.01, 0.0, -13.84, -712.7,, 6576, 0, -558.7, 21.26, -168.9, 34.86, 419.6658020019531, 15.24,, 0
2023, 314,11,10, 15:30, 80.01, 0.0, -13.84, -712.7,, 6084, 0, -558.7, 21.26, -168.9, 34.86, 419.6658020019531, 15.24,, 0
2023, 314,11,10, 16:00, 80.01, 0.0, -13.84, -712.7,, 5655, 0, -558.7, 21.26, -168.9, 34.86, 419.6658020019531, 15.24,, 0
2023, 314,11,10, 16:30, 80.01, 0.0, -13.84, -712.7,, 5450, 0, -558.7, 21.26, -168.9, 34.86, 419.6658020019531, 15.24,, 0
2023, 314,11,10, 17:00, 80.01, 0.0, -13.84, -712.7,, 5119, 0, -558.7, 21.26, -168.9, 34.86, 419.6658020019531, 15.24,, 0
2023, 314,11,10, 17:30, 80.01, 0.0, -13.84, -712.7,, 5131, 0, -558.7, 21.26, -168.9, 34.86, 419.6658020019531, 15.24,, 0
2023, 314,11,10, 18:00, 80.01, 0.0, -13.84, -712.7,, 4891, 0, -558.7, 21.26, -168.9, 34.86, 419.6658020019531, 15.24,, 0
2023, 314,11,10, 18:30, 80.01, 0.0, -13.84, -712.7,, 5098, 0, -558.7, 21.26, -168.9, 34.86, 419.6658020019531, 15.24,, 0
2023, 314,11,10, 19:00, 80.01, 0.0, -13.84, -712.7,, 5154, 0, -558.7, 21.26, -168.9, 34.86, 419.6658020019531, 15.24,, 0
2023, 314,11,10, 19:30, 80.01, 0.0, -13.84, -712.7,, 5302, 0, -558.7, 21.26, -168.9, 34.86, 419.6658020019531, 15.24,, 0
2023, 314,11,10, 20:00, 80.01, 0.0, -13.84, -712.7,, 5806, 0, -558.7, 21.26, -168.9, 34.86, 419.6658020019531, 15.24,, 0
2023, 314,11,10, 20:30, 80.01, 0.0, -13.84, -712.7,, 6007, 0, -558.7, 21.26, -168.9, 34.86, 419.6658020019531, 15.24,, 0
2023, 314,11,10, 21:00, 80.01, 0.0, -13.84, -712.7,, 6579, 0, -558.7, 21.26, -168.9, 34.86, 419.6658020019531, 15.24,, 0
2023, 314,11,10, 21:30, 80.01, 0.0, -13.84, -712.7,, 7040, 0, -558.7, 21.26, -168.9, 34.86, 419.6658020019531, 15.24,, 0
2023, 314,11,10, 22:00, 80.01, 0.0, -13.84, -712.7,, 7449, 0, -558.7, 21.26, -168.9, 34.86, 419.6658020019531, 15.24,, 0
2023, 314,11,10, 22:30, 80.01, 0.0, -13.84, -712.7,, 8185, 0, -558.7, 21.26, -168.9, 34.86, 419.6658020019531, 15.24,, 0
2023, 314,11,10, 23:00, 80.01, 0.0, -13.84, -712.7,, 8772, 0, -558.7, 21.26, -168.9, 34.86, 419.6658020019531, 15.24,, 0
2023, 314,11,10, 23:30, 80.01, 0.0, -13.84, -712.7,, 9316, 0, -558.7, 21.26, -168.9, 34.86, 419.6658020019531, 15.24,, 0
2023, 315,11,11, 00:00, 80.01, 0.0, -13.84, -712.7,, 10018, 0, -558.7, 21.26, -168.9, 34.86, 419.6658020019531, 15.24,, 0
2023, 315,11,11, 00:30, 80.01, 0.0, -13.84, -712.7,, 10833, 0, -558.7, 21.26, -168.9, 34.86, 419.6658020019531, 15.24,, 0
2023, 315,11,11, 01:00, 80.01, 0.0, -13.84, -712.7,, 11371, 0, -558.7, 21.26, -168.9, 34.86, 419.6658020019531, 15.24,, 0
2023, 315,11,11, 01:30, 80.01, 0.0, -13.84, -712.7,, 11937, 0, -558.7, 21.26, -168.9, 34.86, 419.6658020019531, 15.24,, 0
2023, 315,11,11, 02:00, 80.01, 0.0, -13.84, -712.7,, 12615, 0, -558.7, 21.26, -168.9, 34.86, 419.6658020019531, 15.24,, 0
2023, 315,11,11, 02:30, 80.01, 0.0, -13.84, -712.7,, 12981, 0, -558.7, 21.26, -168.9, 34.86, 419.6658020019531, 15.24,, 0
2023, 315,11,11, 03:00, 80.01, 0.0, -13.84, -712.7,, 13544, 0, -558.7, 21.26, -168.9, 34.86, 419.6658020019531, 15.24,, 0
2023, 315,11,11, 03:30, 80.01, 0.0, -13.84, -712.7,, 13998, 0, -558.7, 21.26, -168.9, 34.86, 419.6658020019531, 15.24,, 0
2023, 315,11,11, 04:00, 80.01, 0.0, -13.84, -712.7,, 14341, 0, -558.7, 21.26, -168.9, 34.86, 419.6658020019531, 15.24,, 0
2023, 315,11,11, 04:30, 80.01, 0.0, -13.84, -712.7,, 14711, 0, -558.7, 21.26, -168.9, 34.86, 419.6658020019531, 15.24,, 0
2023, 315,11,11, 05:00, 80.01, 0.0, -13.84, -712.7,, 14958, 0, -558.7, 21.26, -168.9, 34.86, 419.6658020019531, 15.24,, 0
2023, 315,11,11, 05:30, 80.01, 0.0, -13.84, -712.7,, 14995, 0, -558.7, 21.26, -168.9, 34.86, 419.6658020019531, 15.24,, 0
2023, 315,11,11, 06:00, 80.01, 0.0, -13.84, -712.7,, 14919, 0, -558.7, 21.26, -168.9, 34.86, 419.6658020019531, 15.24,, 0
2023, 315,11,11, 06:30, 80.01, 0.0, -13.84, -712.7,, 15157, 0, -558.7, 21.26, -168.9, 34.86, 419.6658020019531, 15.24,, 0
2023, 315,11,11, 07:00, 80.01, 0.0, -13.84, -712.7,, 15008, 0, -558.7, 21.26, -168.9, 34.86, 419.6658020019531, 15.24,, 0
2023, 315,11,11, 07:30, 80.01, 0.0, -13.84, -712.7,, 14726, 0, -558.7, 21.26, -168.9, 34.86, 419.6658020019531, 15.24,, 0
2023, 315,11,11, 08:00, 80.01, 0.0, -13.84, -712.7,, 14381, 0, -558.7, 21.26, -168.9, 34.86, 419.6658020019531, 15.24,, 0
2023, 315,11,11, 08:30, 80.01, 0.0, -13.84, -712.7,, 13674, 0, -558.7, 21.26, -168.9, 34.86, 419.6658020019531, 15.24,, 0
2023, 315,11,11, 09:00, 80.01, 0.0, -13.84, -712.7,, 13551, 0, -558.7, 21.26, -168.9, 34.86, 419.6658020019531, 15.24,, 0
2023, 315,11,11, 09:30, 80.01, 0.0, -13.84, -712.7,, 13082, 0, -558.7, 21.26, -168.9, 34.86, 419.6658020019531, 15.24,, 0
2023, 315,11,11, 10:00, 80.01, 0.0, -13.84, -712.7,, 12611, 0, -558.7, 21.26, -168.9, 34.86, 419.6658020019531, 15.24,, 0
2023, 315,11,11, 10:30, 80.01, 0.0, -13.84, -712.7,, 11975, 0, -558.7, 21.26, -168.9, 34.86, 419.6658020019531, 15.24,, 0
2023, 315,11,11, 11:00, 80.01, 0.0, -13.84, -712.7,, 11476, 0, -558.7, 21.26, -168.9, 34.86, 419.6658020019531, 15.24,, 0
2023, 315,11,11, 11:30, 80.01, 0.0, -13.84, -712.7,, 10662, 0, -558.7, 21.26, -168.9, 34.86, 419.6658020019531, 15.24,, 0
2023, 315,11,11, 12:00, 80.01, 0.0, -13.84, -712.7,, 10048, 0, -558.7, 21.26, -168.9, 34.86, 419.6658020019531, 15.24,, 0
2023, 315,11,11, 12:30, 80.01, 0.0, -13.84, -712.7,, 9503, 0, -558.7, 21.26, -168.9, 34.86, 419.6658020019531, 15.24,, 0
2023, 315,11,11, 13:00, 80.01, 0.0, -13.84, -712.7,, 8812, 0, -558.7, 21.26, -168.9, 34.86, 419.6658020019531, 15.24,, 0
2023, 315,11,11, 13:30, 80.01, 0.0, -13.84, -712.7,, 8162, 0, -558.7, 21.26, -168.9, 34.86, 419.6658020019531, 15.24,, 0
2023, 315,11,11, 14:00, 80.01, 0.0, -13.84, -712.7,, 7504, 0, -558.7, 21.26, -168.9, 34.86, 419.6658020019531, 15.24,, 0
2023, 315,11,11, 14:30, 80.01, 0.0, -13.84, -712.7,, 6956, 0, -558.7, 21.26, -168.9, 34.86, 419.6658020019531, 15.24,, 0
2023, 315,11,11, 15:00, 80.01, 0.0, -13.84, -712.7,, 6551, 0, -558.7, 21.26, -168.9, 34.86, 419.6658020019531, 15.24,, 0
2023, 315,11,11, 15:30, 80.01, 0.0, -13.84, -712.7,, 6084, 0, -558.7, 21.26, -168.9, 34.86, 419.6658020019531, 15.24,, 0
2023, 315,11,11, 16:00, 80.01, 0.0, -13.84, -712.7,, 5701, 0, -558.7, 21.26, -168.9, 34.86, 419.6658020019531, 15.24,, 0
2023, 315,11,11, 16:30, 80.01, 0.0, -13.84, -712.7,, 5349, 0, -558.7, 21.26, -168.9, 34.86, 419.6658020019531, 15.24,, 0
2023, 315,11,11, 17:00, 80.01, 0.0, -13.84, -712.7,, 5131, 0, -558.7, 21.26, -168.9, 34.86, 419.6658020019531, 15.24,, 0
2023, 315,11,11, 17:30, 80.01, 0.0, -13.84, -712.7,, 5013, 0, -558.7, 21.26, -168.9, 34.86, 419.6658020019531, 15.24,, 0
2023, 315,11,11, 18:00, 80.01, 0.0, -13.84, -712.7,, 4904, 0, -558.7, 21.26, -168.9, 34.86, 419.6658020019531, 15.24,, 0
2023, 315,11,11, 18:30, 80.01, 0.0, -13.84, -712.7,, 5077, 0, -558.7, 21.26, -168.9, 34.86, 419.6658020019531, 15.24,, 0
2023, 315,11,11, 19:00, 80.01, 0.0, -13.84, -712.7,, 5159, 0, -558.7, 21.26, -168.9, 34.86, 419.6658020019531, 15.24,, 0
2023, 315,11,11, 19:30, 80.01, 0.0, -13.84, -712.7,, 5314, 0, -558.7, 21.26, -168.9, 34.86, 419.6658020019531, 15.24,, 0
2023, 315,11,11, 20:00, 80.01, 0.0, -13.84, -712.7,, 5706, 0, -558.7, 21.26, -168.9, 34.86, 419.6658020019531, 15.24,, 0
2023, 315,11,11, 20:30, 80.01, 0.0, -13.84, -712.7,, 6103, 0, -558.7, 21.26, -168.9, 34.86, 419.6658020019531, 15.24,, 0
2023, 315,11,11, 21:00, 80.01, 0.0, -13.84, -712.7,, 6467, 0, -558.7, 21.26, -168.9, 34.86, 419.6658020019531, 15.24,, 0
2023, 315,11,11, 21:30, 80.01, 0.0, -13.84, -712.7,, 6797, 0, -558.7, 21.26, -168.9, 34.86, 419.6658020019531, 15.24,, 0
2023, 315,11,11, 22:00, 80.01, 0.0, -13.84, -712.7,, 7620, 0, -558.7, 21.26, -168.9, 34.86, 419.6658020019531, 15.24,, 0
2023, 315,11,11, 22:30, 80.01, 0.0, -13.84, -712.7,, 7976, 0, -558.7, 21.26, -168.9, 34.86, 419.6658020019531, 15.24,, 0
2023, 315,11,11, 23:00, 80.01, 0.0, -13.84, -712.7,, 8784, 0, -558.7, 21.26, -168.9, 34.86, 419.6658020019531, 15.24,, 0
2023, 315,11,11, 23:30, 80.01, 0.0, -13.84, -712.7,, 9388, 0, -558.7, 21.26, -168.9, 34.86, 419.6658020019531, 15.24,, 0
2023, 316,11,12, 00:00, 80.01, 0.0, -13.84, -712.7,, 10014, 0, -558.7, 21.26, -168.9, 34.86, 419.6658020019531, 15.24,, 0
2023, 316,11,12, 00:30, 80.01, 0.0, -13.84, -712.7,, 10495, 0, -558.7, 21.26, -168.9, 34.86, 419.6658020019531, 15.24,, 0
2023, 316,11,12, 01:00, 80.01, 0.0, -13.84, -712.7,, 11424, 0, -558.7, 21.26, -168.9, 34.86, 419.6658020019531, 15.24,, 0
2023, 316,11,12, 01:30, 80.01, 0.0, -13.84, -712.7,, 11743, 0, -558.7, 21.26, -168.9, 34.86, 419.6658020019531, 15.24,, 0
2023, 316,11,12, 02:00, 80.01, 0.0, -13.84, -712.7,, 12535, 0, -558.7, 21.26, -168.9, 34.86, 419.6658020019531, 15.24,, 0
2023, 316,11,12, 02:30, 80.01, 0.0, -13.84, -712.7,, 12935, 0, -558.7, 21.26, -168.9, 34.86, 419.6658020019531, 15.24,, 0
2023, 316,11,12, 03:00, 80.01, 0.0, -13.84, -712.7,, 13539, 0, -558.7, 21.26, -168.9, 34.86, 419.6658020019531, 15.24,, 0
2023, 316,11,12, 03:30, 80.01, 0.0, -13.84, -712.7,, 14013, 0, -558.7, 21.26, -168.9, 34.86, 419.6658020019531, 15.24,, 0
2023, 316,11,12, 04:00, 80.01, 0.0, -13.84, -712.7,, 13983, 0, -558.7, 21.26, -168.9, 34.86, 419.6658020019531, 15.24,, 0
2023, 316,11,12, 04:30, 80.01, 0.0, -13.84, -712.7,, 14663, 0, -558.7, 21.26, -168.9, 34.86, 419.6658020019531, 15.24,, 0
2023, 316,11,12, 05:00, 80.01, 0.0, -13.84, -712.7,, 14734, 0, -558.7, 21.26, -168.9, 34.86, 419.6658020019531, 15.24,, 0
2023, 316,11,12, 05:30, 80.01, 0.0, -13.84, -712.7,, 14819, 0, -558.7, 21.26, -168.9, 34.86, 419.6658020019531, 15.24,, 0
2023, 316,11,12, 06:00, 80.01, 0.0, -13.84, -712.7,, 14962, 0, -558.7, 21.26, -168.9, 34.86, 419.6658020019531, 15.24,, 0
2023, 316,11,12, 06:30, 80.01, 0.0, -13.84, -712.7,, 15056, 0, -558.7, 21.26, -168.9, 34.86, 419.6658020019531, 15.24,, 0
2023, 316,11,12, 07:00, 80.01, 0.0, -13.84, -712.7,, 15070, 0, -558.7, 21.26, -168.9, 34.86, 419.6658020019531, 15.24,, 0
2023, 316,11,12, 07:30, 80.01, 0.0, -13.84, -712.7,, 14644, 0, -558.7, 21.26, -168.9, 34.86, 419.6658020019531, 15.24,, 0
2023, 316,11,12, 08:00, 80.01, 0.0, -13.84, -712.7,, 14397, 0, -558.7, 21.26, -168.9, 34.86, 419.6658020019531, 15.24,, 0
2023, 316,11,12, 08:30, 80.01, 0.0, -13.84, -712.7,, 13941, 0, -558.7, 21.26, -168.9, 34.86, 419.6658020019531, 15.24,, 0
2023, 316,11,12, 09:00, 80.01, 0.0, -13.84, -712.7,, 13641, 0, -558.7, 21.26, -168.9, 34.86, 419.6658020019531, 15.24,, 0
2023, 316,11,12, 09:30, 80.01, 0.0, -13.84, -712.7,, 13252, 0, -558.7, 21.26, -168.9, 34.86, 419.6658020019531, 15.24,, 0
2023, 316,11,12, 10:00, 80.01, 0.0, -13.84, -712.7,, 12466, 0, -558.7, 21.26, -168.9, 34.86, 419.6658020019531, 15.24,, 0
2023, 316,11,12, 10:30, 80.01, 0.0, -13.84, -712.7,, 11938, 0, -558.7, 21.26, -168.9, 34.86, 419.6658020019531, 15.24,, 0
2023, 316,11,12, 11:00, 80.01, 0.0, -13.84, -712.7,, 11468, 0, -558.7, 21.26, -168.9, 34.86, 419.6658020019531, 15.24,, 0
2023, 316,11,12, 11:30, 80.01, 0.0, -13.84, -712.7,, 10726, 0, -558.7, 21.26, -168.9, 34.86, 419.6658020019531, 15.24,, 0
2023, 316,11,12, 12:00, 80.01, 0.0, -13.84, -712.7,, 9989, 0, -558.7, 21.26, -168.9, 34.86, 419.6658020019531, 15.24,, 0
2023, 316,11,12, 12:30, 80.01, 0.0, -13.84, -712.7,, 9400, 0, -558.7, 21.26, -168.9, 34.86, 419.6658020019531, 15.24,, 0
2023, 316,11,12, 13:00, 80.01, 0.0, -13.84, -712.7,, 8763, 0, -558.7, 21.26, -168.9, 34.86, 419.6658020019531, 15.24,, 0
2023, 316,11,12, 13:30, 80.01, 0.0, -13.84, -712.7,, 8142, 0, -558.7, 21.26, -168.9, 34.86, 419.6658020019531, 15.24,, 0
2023, 316,11,12, 14:00, 80.01, 0.0, -13.84, -712.7,, 7572, 0, -558.7, 21.26, -168.9, 34.86, 419.6658020019531, 15.24,, 0
2023, 316,11,12, 14:30, 80.01, 0.0, -13.84, -712.7,, 6909, 0, -558.7, 21.26, -168.9, 34.86, 419.6658020019531, 15.24,, 0
2023, 316,11,12, 15:00, 80.01, 0.0, -13.84, -712.7,, 6528, 0, -558.7, 21.26, -168.9, 34.86, 419.6658020019531, 15.24,, 0
2023, 316,11,12, 15:30, 80.01, 0.0, -13.84, -712.7,, 5956, 0, -558.7, 21.26, -168.9, 34.86, 419.6658020019531, 15.24,, 0
2023, 316,11,12, 16:00, 80.01, 0.0, -13.84, -712.7,, 5652, 0, -558.7, 21.26, -168.9, 34.86, 419.6658020019531, 15.24,, 0
2023, 316,11,12, 16:30, 80.01, 0.0, -13.84, -712.7,, 5359, 0, -558.7, 21.26, -168.9, 34.86, 419.6658020019531, 15.24,, 0
2023, 316,11,12, 17:00, 80.01, 0.0, -13.84, -712.7,, 5097, 0, -558.7, 21.26, -168.9, 34.86, 419.6658020019531, 15.24,, 0
2023, 316,11,12, 17:30, 80.01, 0.0, -13.84, -712.7,, 5000, 0, -558.7, 21.26, -168.9, 34.86, 419.6658020019531, 15.24,, 0
2023, 316,11,12, 18:00, 80.01, 0.0, -13.84, -712.7,, 5017, 0, -558.7, 21.26, -168.9, 34.86, 419.6658020019531, 15.24,, 0
2023, 316,11,12, 18:30, 80.01, 0.0, -13.84, -712.7,, 5103, 0, -558.7, 21.26, -168.9, 34.86, 419.6658020019531, 15.24,, 0
2023, 316,11,12, 19:00, 80.01, 0.0, -13.84, -712.7,, 5161, 0, -558.7, 21.26, -168.9, 34.86, 419.6658020019531, 15.24,, 0
2023, 316,11,12, 19:30, 80.01, 0.0, -13.84, -712.7,, 5247, 0, -558.7, 21.26, -168.9, 34.86, 419.6658020019531, 15.24,, 0
2023, 316,11,12, 20:00, 80.01, 0.0, -13.84, -712.7,, 5660, 0, -558.7, 21.26, -168.9, 34.86, 419.6658020019531, 15.24,, 0
2023, 316,11,12, 20:30, 80.01, 0.0, -13.84, -712.7,, 6130, 0, -558.7, 21.26, -168.9, 34.86, 419.6658020019531, 15.24,, 0
2023, 316,11,12, 21:00, 80.01, 0.0, -13.84, -712.7,, 6555, 0, -558.7, 21.26, -168.9, 34.86, 419.6658020019531, 15.24,, 0
2023, 316,11,12, 21:30, 80.01, 0.0, -13.84, -712.7,, 6937, 0, -558.7, 21.26, -168.9, 34.86, 419.6658020019531, 15.24,, 0
2023, 316,11,12, 22:00, 80.01, 0.0, -13.84, -712.7,, 7562, 0, -558.7, 21.26, -168.9, 34.86, 419.6658020019531, 15.24,, 0
2023, 316,11,12, 22:30, 80.01, 0.0, -13.84, -712.7,, 8171, 0, -558.7, 21.26, -168.9, 34.86, 419.6658020019531, 15.24,, 0
2023, 316,11,12, 23:00, 80.01, 0.0, -13.84, -712.7,, 8645, 0, -558.7, 21.26, -168.9, 34.86, 419.6658020019531, 15.24,, 0
2023, 316,11,12, 23:30, 80.01, 0.0, -13.84, -712.7,, 9639, 0, -558.7, 21.26, -168.9, 34.86, 419.6658020019531, 15.24,, 0
2023, 317,11,13, 00:00, 80.01, 0.0, -13.84, -712.7,, 9952, 0, -558.7, 21.26, -168.9, 34.86, 419.6658020019531, 15.24,, 0
2023, 317,11,13, 00:30, 80.01, 0.0, -13.84, -712.7,, 10615, 0, -558.7, 21.26, -168.9, 34.86, 419.6658020019531, 15.24,, 0
2023, 317,11,13, 01:00, 80.01, 0.0, -13.84, -712.7,, 11282, 0, -558.7, 21.26, -168.9, 34.86, 419.6658020019531, 15.24,, 0
2023, 317,11,13, 01:30, 80.01, 0.0, -13.84, -712.7,, 11835, 0, -558.7, 21.26, -168.9, 34.86, 419.6658020019531, 15.24,, 0
2023, 317,11,13, 02:00, 80.01, 0.0, -13.84, -712.7,, 12349, 0, -558.7, 21.26, -168.9, 34.86, 419.6658020019531, 15.24,, 0
2023, 317,11,13, 02:30, 80.01, 0.0, -13.84, -712.7,, 12924, 0, -558.7, 21.26, -168.9, 34.86, 419.6658020019531, 15.24,, 0
2023, 317,11,13, 03:00, 80.01, 0.0, -13.84, -712.7,, 13496, 0, -558.7, 21.26, -168.9, 34.86, 419.6658020019531, 15.24,, 0
2023, 317,11,13, 03:30, 80.01, 0.0, -13.84, -712.7,, 13967, 0, -558.7, 21.26, -168.9, 34.86, 419.6658020019531, 15.24,, 0
2023, 317,11,13, 04:00, 80.01, 0.0, -13.84, -712.7,, 14332, 0, -558.7, 21.26, -168.9, 34.86, 419.6658020019531, 15.24,, 0
2023, 317,11,13, 04:30, 80.01, 0.0, -13.84, -712.7,, 14646, 0, -558.7, 21.26, -168.9, 34.86, 419.6658020019531, 15.24,, 0
2023, 317,11,13, 05:00, 80.01, 0.0, -13.84, -712.7,, 14954, 0, -558.7, 21.26, -168.9, 34.86, 419.6658020019531, 15.24,, 0
2023, 317,11,13, 05:30, 80.01, 0.0, -13.84, -712.7,, 14952, 0, -558.7, 21.26, -168.9, 34.86, 419.6658020019531, 15.24,, 0
2023, 317,11,13, 06:00, 80.01, 0.0, -13.84, -712.7,, 15023, 0, -558.7, 21.26, -168.9, 34.86, 419.6658020019531, 15.24,, 0
2023, 317,11,13, 06:30, 80.01, 0.0, -13.84, -712.7,, 15156, 0, -558.7, 21.26, -168.9, 34.86, 419.6658020019531, 15.24,, 0
2023, 317,11,13, 07:00, 80.01, 0.0, -13.84, -712.7,, 14884, 0, -558.7, 21.26, -168.9, 34.86, 419.6658020019531, 15.24,, 0
2023, 317,11,13, 07:30, 80.01, 0.0, -13.84, -712.7,, 14726, 0, -558.7, 21.26, -168.9, 34.86, 419.6658020019531, 15.24,, 0
2023, 317,11,13, 08:00, 80.01, 0.0, -13.84, -712.7,, 14301, 0, -558.7, 21.26, -168.9, 34.86, 419.6658020019531, 15.24,, 0
2023, 317,11,13, 08:30, 80.01, 0.0, -13.84, -712.7,, 13816, 0, -558.7, 21.26, -168.9, 34.86, 419.6658020019531, 15.24,, 0
2023, 317,11,13, 09:00, 80.01, 0.0, -13.84, -712.7,, 13440, 0, -558.7, 21.26, -168.9, 34.86, 419.6658020019531, 15.24,, 0
2023, 317,11,13, 09:30, 80.01, 0.0, -13.84, -712.7,, 13231, 0, -558.7, 21.26, -168.9, 34.86, 419.6658020019531, 15.24,, 0
2023, 317,11,13, 10:00, 80.01, 0.0, -13.84, -712.7,, 12472, 0, -558.7, 21.26, -168.9, 34.86, 419.6658020019531, 15.24,, 0
2023, 317,11,13, 10:30, 80.01, 0.0, -13.84, -712.7,, 11908, 0, -558.7, 21.26, -168.9, 34.86, 419.6658020019531, 15.24,, 0
2023, 317,11,13, 11:00, 80.01, 0.0, -13.84, -712.7,, 11220, 0, -558.7, 21.26, -168.9, 34.86, 419.6658020019531, 15.24,, 0
2023, 317,11,13, 11:30, 80.01, 0.0, -13.84, -712.7,, 10445, 0, -558.7, 21.26, -168.9, 34.86, 419.6658020019531, 15.24,, 0
2023, 317,11,13, 12:00, 80.01, 0.0, -13.84, -712.7,, 10003, 0, -558.7, 21.26, -168.9, 34.86, 419.6658020019531, 15.24,, 0
2023, 317,11,13, 12:30, 80.01, 0.0, -13.84, -712.7,, 9474, 0, -558.7, 21.26, -168.9, 34.86, 419.6658020019531, 15.24,, 0
2023, 317,11,13, 13:00, 80.01, 0.0, -13.84, -712.7,, 8820, 0, -558.7, 21.26, -168.9, 34.86, 419.6658020019531, 15.24,, 0
2023, 317,11,13, 13:30, 80.01, 0.0, -13.84, -712.7,, 8031, 0, -558.7, 21.26, -168.9, 34.86, 419.6658020019531, 15.24,, 0
2023, 317,11,13, 14:00, 80.01, 0.0, -13.84, -712.7,, 7492, 0, -558.7, 21.26, -168.9, 34.86, 419.6658020019531, 15.24,, 0
2023, 317,11,13, 14:30, 80.01, 0.0, -13.84, -712.7,, 7050, 0, -558.7, 21.26, -168.9, 34.86, 419.6658020019531, 15.24,, 0
2023, 317,11,13, 15:00, 80.01, 0.0, -13.84, -712.7,, 6486, 0, -558.7, 21.26, -168.9, 34.86, 419.6658020019531, 15.24,, 0
2023, 317,11,13, 15:30, 80.01, 0.0, -13.84, -712.7,, 6067, 0, -558.7, 21.26, -168.9, 34.86, 419.6658020019531, 15.24,, 0
2023, 317,11,13, 16:00, 80.01, 0.0, -13.84, -712.7,, 5651, 0, -558.7, 21.26, -168.9, 34.86, 419.6658020019531, 15.24,, 0
2023, 317,11,13, 16:30, 80.01, 0.0, -13.84, -712.7,, 5404, 0, -558.7, 21.26, -168.9, 34.86, 419.6658020019531, 15.24,, 0
2023, 317,11,13, 17:00, 80.01, 0.0, -13.84, -712.7,, 5108, 0, -558.7, 21.26, -168.9, 34.86, 419.6658020019531, 15.24,, 0
2023, 317,11,13, 17:30, 80.01, 0.0, -13.84, -712.7,, 5133, 0, -558.7, 21.26, -168.9, 34.86, 419.6658020019531, 15.24,, 0
2023, 317,11,13, 18:00, 80.01, 0.0, -13.84, -712.7,, 5099, 0, -558.7, 21.26, -168.9, 34.86, 419.6658020019531, 15.24,, 0
2023, 317,11,13, 18:30, 80.01, 0.0, -13.84, -712.7,, 5177, 0, -558.7, 21.26, -168.9, 34.86, 419.6658020019531, 15.24,, 0
2023, 317,11,13, 19:00, 80.01, 0.0, -13.84, -712.7,, 5314, 0, -558.7, 21.26, -168.9, 34.86, 419.6658020019531, 15.24,, 0
2023, 317,11,13, 19:30, 80.01, 0.0, -13.84, -712.7,, 5438, 0, -558.7, 21.26, -168.9, 34.86, 419.6658020019531, 15.24,, 0
2023, 317,11,13, 20:00, 80.01, 0.0, -13.84, -712.7,, 5633, 0, -558.7, 21.26, -168.9, 34.86, 419.6658020019531, 15.24,, 0
2023, 317,11,13, 20:30, 80.01, 0.0, -13.84, -712.7,, 6166, 0, -558.7, 21.26, -168.9, 34.86, 419.6658020019531, 15.24,, 0
2023, 317,11,13, 21:00, 80.01, 0.0, -13.84, -712.7,, 6571, 0, -558.7, 21.26, -168.9, 34.86, 419.6658020019531, 15.24,, 0
2023, 317,11,13, 21:30, 80.01, 0.0, -13.84, -712.7,, 6842, 0, -558.7, 21.26, -168.9, 34.86, 419.6658020019531, 15.24,, 0
2023, 317,11,13, 22:00, 80.01, 0.0, -13.84, -712.7,, 7451, 0, -558.7, 21.26, -168.9, 34.86, 419.6658020019531, 15.24,, 0
2023, 317,11,13, 22:30, 80.01, 0.0, -13.84, -712.7,, 8083, 0, -558.7, 21.26, -168.9, 34.86, 419.6658020019531, 15.24,, 0
2023, 317,11,13, 23:00, 80.01, 0.0, -13.84, -712.7,, 8773, 0, -558.7, 21.26, -168.9, 34.86, 419.6658020019531, 15.24,, 0
2023, 317,11,13, 23:30, 80.01, 0.0, -13.84, -712.7,, 9413, 0, -558.7, 21.26, -168.9, 34.86, 419.6658020019531, 15.24,, 0
2023, 318,11,14, 00:00, 80.01, 0.0, -13.84, -712.7,, 9875, 0, -558.7, 21.26, -168.9, 34.86, 419.6658020019531, 15.24,, 0
2023, 318,11,14, 00:30, 80.01, 0.0, -13.84, -712.7,, 10676, 0, -558.7, 21.26, -168.9, 34.86, 419.6658020019531, 15.24,, 0
2023, 318,11,14, 01:00, 80.01, 0.0, -13.84, -712.7,, 11452, 0, -558.7, 21.26, -168.9, 34.86, 419.6658020019531, 15.24,, 0
2023, 318,11,14, 01:30, 80.01, 0.0, -13.84, -712.7,, 11849, 0, -558.7, 21.26, -168.9, 34.86, 419.6658020019531, 15.24,, 0
2023, 318,11,14, 02:00, 80.01, 0.0, -13.84, -712.7,, 12431, 0, -558.7, 21.26, -168.9, 34.86, 419.6658020019531, 15.24,, 0
2023, 318,11,14, 02:30, 80.01, 0.0, -13.84, -712.7,, 12961, 0, -558.7, 21.26, -168.9, 34.86, 419.6658020019531, 15.24,, 0
2023, 318,11,14, 03:00, 80.01, 0.0, -13.84, -712.7,, 13394, 0, -558.7, 21.26, -168.9, 34.86, 419.6658020019531, 15.24,, 0
2023, 318,11,14, 03:30, 80.01, 0.0, -13.84, -712.7,, 13870, 0, -558.7, 21.26, -168.9, 34.86, 419.6658020019531, 15.24,, 0
2023, 318,11,14, 04:00, 80.01, 0.0, -13.84, -712.7,, 14299, 0, -558.7, 21.26, -168.9, 34.86, 419.6658020019531, 15.24,, 0
2023, 318,11,14, 04:30, 80.01, 0.0, -13.84, -712.7,, 14705, 0, -558.7, 21.26, -168.9, 34.86, 419.6658020019531, 15.24,, 0
2023, 318,11,14, 05:00, 80.01, 0.0, -13.84, -712.7,, 14764, 0, -558.7, 21.26, -168.9, 34.86, 419.6658020019531, 15.24,, 0
2023, 318,11,14, 05:30, 80.01, 0.0, -13.84, -712.7,, 14896, 0, -558.7, 21.26, -168.9, 34.86, 419.6658020019531, 15.24,, 0
2023, 318,11,14, 06:00, 80.01, 0.0, -13.84, -712.7,, 14920, 0, -558.7, 21.26, -168.9, 34.86, 419.6658020019531, 15.24,, 0
2023, 318,11,14, 06:30, 80.01, 0.0, -13.84, -712.7,, 14970, 0, -558.7, 21.26, -168.9, 34.86, 419.6658020019531, 15.24,, 0
2023, 318,11,14, 07:00, 80.01, 0.0, -13.84, -712.7,, 14732, 0, -558.7, 21.26, -168.9, 34.86, 419.6658020019531, 15.24,, 0
2023, 318,11,14, 07:30, 80.01, 0.0, -13.84, -712.7,, 14328, 0, -558.7, 21.26, -168.9, 34.86, 419.6658020019531, 15.24,, 0
2023, 318,11,14, 08:00, 80.01, 0.0, -13.84, -712.7,, 14542, 0, -558.7, 21.26, -168.9, 34.86, 419.6658020019531, 15.24,, 0
2023, 318,11,14, 08:30, 80.01, 0.0, -13.84, -712.7,, 13881, 0, -558.7, 21.26, -168.9, 34.86, 419.6658020019531, 15.24,, 0
2023, 318,11,14, 09:00, 80.01, 0.0, -13.84, -712.7,, 13470, 0, -558.7, 21.26, -168.9, 34.86, 419.6658020019531, 15.24,, 0
2023, 318,11,14, 09:30, 80.01, 0.0, -13.84, -712.7,, 13115, 0, -558.7, 21.26, -168.9, 34.86, 419.6658020019531, 15.24,, 0
2023, 318,11,14, 10:00, 80.01, 0.0, -13.84, -712.7,, 12588, 0, -558.7, 21.26, -168.9, 34.86, 419.6658020019531, 15.24,, 0
2023, 318,11,14, 10:30, 80.01, 0.0, -13.84, -712.7,, 11798, 0, -558.7, 21.26, -168.9, 34.86, 419.6658020019531, 15.24,, 0
2023, 318,11,14, 11:00, 80.01, 0.0, -13.84, -712.7,, 11398, 0, -558.7, 21.26, -168.9, 34.86, 419.6658020019531, 15.24,, 0
2023, 318,11,14, 11:30, 80.01, 0.0, -13.84, -712.7,, 10657, 0, -558.7, 21.26, -168.9, 34.86, 419.6658020019531, 15.24,, 0
2023, 318,11,14, 12:00, 80.01, 0.0, -13.84, -712.7,, 9892, 0, -558.7, 21.26, -168.9, 34.86, 419.6658020019531, 15.24,, 0
2023, 318,11,14, 12:30, 80.01, 0.0, -13.84, -712.7,, 9394, 0, -558.7, 21.26, -168.9, 34.86, 419.6658020019531, 15.24,, 0
2023, 318,11,14, 13:00, 80.01, 0.0, -13.84, -712.7,, 8895, 0, -558.7, 21.26, -168.9, 34.86, 419.6658020019531, 15.24,, 0
2023, 318,11,14, 13:30, 80.01, 0.0, -13.84, -712.7,, 8012, 0, -558.7, 21.26, -168.9, 34.86, 419.6658020019531, 15.24,, 0
2023, 318,11,14, 14:00, 80.01, 0.0, -13.84, -712.7,, 7551, 0, -558.7, 21.26, -168.9, 34.86, 419.6658020019531, 15.24,, 0
2023, 318,11,14, 14:30, 80.01, 0.0, -13.84, -712.7,, 6941, 0, -558.7, 21.26, -168.9, 34.86, 419.6658020019531, 15.24,, 0
2023, 318,11,14, 15:00, 80.01, 0.0, -13.84, -712.7,, 6498, 0, -558.7, 21.26, -168.9, 34.86, 419.6658020019531, 15.24,, 0
2023, 318,11,14, 15:30, 80.01, 0.0, -13.84, -712.7,, 6146, 0, -558.7, 21.26, -168.9, 34.86, 419.6658020019531, 15.24,, 0
2023, 318,11,14, 16:00, 80.01, 0.0, -13.84, -712.7,, 5549, 0, -558.7, 21.26, -168.9, 34.86, 419.6658020019531, 15.24,, 0
2023, 318,11,14, 16:30, 80.01, 0.0, -13.84, -712.7,, 5264, 0, -558.7, 21.26, -168.9, 34.86, 419.6658020019531, 15.24,, 0
2023, 318,11,14, 17:00, 80.01, 0.0, -13.84, -712.7,, 5202, 0, -558.7, 21.26, -168.9, 34.86, 419.6658020019531, 15.24,, 0
2023, 318,11,14, 17:30, 80.01, 0.0, -13.84, -712.7,, 4958, 0, -558.7, 21.26, -168.9, 34.86, 419.6658020019531, 15.24,, 0
2023, 318,11,14, 18:00, 80.01, 0.0, -13.84, -712.7,, 5063, 0, -558.7, 21.26, -168.9, 34.86, 419.6658020019531, 15.24,, 0
2023, 318,11,14, 18:30, 80.01, 0.0, -13.84, -712.7,, 5196, 0, -558.7, 21.26, -168.9, 34.86, 419.6658020019531, 15.24,, 0
2023, 318,11,14, 19:00, 80.01, 0.0, -13.84, -712.7,, 5217, 0, -558.7, 21.26, -168.9, 34.86, 419.6658020019531, 15.24,, 0
2023, 318,11,14, 19:30, 80.01, 0.0, -13.84, -712.7,, 5380, 0, -558.7, 21.26, -168.9, 34.86, 419.6658020019531, 15.24,, 0
2023, 318,11,14, 20:00, 80.01, 0.0, -13.84, -712.7,, 5722, 0, -558.7, 21.26, -168.9, 34.86, 419.6658020019531, 15.24,, 0
2023, 318,11,14, 20:30, 80.01, 0.0, -13.84, -712.7,, 5990, 0, -558.7, 21.26, -168.9, 34.86, 419.6658020019531, 15.24,, 0
2023, 318,11,14, 21:00, 80.01, 0.0, -13.84, -712.7,, 6291, 0, -558.7, 21.26, -168.9, 34.86, 419.6658020019531, 15.24,, 0
2023, 318,11,14, 21:30, 80.01, 0.0, -13.84, -712.7,, 7034, 0, -558.7, 21.26, -168.9, 34.86, 419.6658020019531, 15.24,, 0
2023, 318,11,14, 22:00, 80.01, 0.0, -13.84, -712.7,, 7362, 0, -558.7, 21.26, -168.9, 34.86, 419.6658020019531, 15.24,, 0
2023, 318,11,14, 22:30, 80.01, 0.0, -13.84, -712.7,, 8183, 0, -558.7, 21.26, -168.9, 34.86, 419.6658020019531, 15.24,, 0
2023, 318,11,14, 23:00, 80.01, 0.0, -13.84, -712.7,, 8616, 0, -558.7, 21.26, -168.9, 34.86, 419.6658020019531, 15.24,, 0
2023, 318,11,14, 23:30, 80.01, 0.0, -13.84, -712.7,, 9367, 0, -558.7, 21.26, -168.9, 34.86, 419.6658020019531, 15.24,, 0
2023, 319,11,15, 00:00, 80.01, 0.0, -13.84, -712.7,, 10022, 0, -558.7, 21.26, -168.9, 34.86, 419.6658020019531, 15.24,, 0
2023, 319,11,15, 00:30, 80.01, 0.0, -13.84, -712.7,, 10895, 0, -558.7, 21.26, -168.9, 34.86, 419.6658020019531, 15.24,, 0
2023, 319,11,15, 01:00, 80.01, 0.0, -13.84, -712.7,, 11427, 0, -558.7, 21.26, -168.9, 34.86, 419.6658020019531, 15.24,, 0
2023, 319,11,15, 01:30, 80.01, 0.0, -13.84, -712.7,, 12040, 0, -558.7, 21.26, -168.9, 34.86, 419.6658020019531, 15.24,, 0
2023, 319,11,15, 02:00, 80.01, 0.0, -13.84, -712.7,, 12517, 0, -558.7, 21.26, -168.9, 34.86, 419.6658020019531, 15.24,, 0
2023, 319,11,15, 02:30, 80.01, 0.0, -13.84, -712.7,, 13172, 0, -558.7, 21.26, -168.9, 34.86, 419.6658020019531, 15.24,, 0
2023, 319,11,15, 03:00, 80.01, 0.0, -13.84, -712.7,, 13531, 0, -558.7, 21.26, -168.9, 34.86, 419.6658020019531, 15.24,, 0
2023, 319,11,15, 03:30, 80.01, 0.0, -13.84, -712.7,, 13969, 0, -558.7, 21.26, -168.9, 34.86, 419.6658020019531, 15.24,, 0
2023, 319,11,15, 04:00, 80.01, 0.0, -13.84, -712.7,, 14374, 0, -558.7, 21.26, -168.9, 34.86, 419.6658020019531, 15.24,, 0
2023, 319,11,15, 04:30, 80.01, 0.0, -13.84, -712.7,, 14412, 0, -558.7, 21.26, -168.9, 34.86, 419.6658020019531, 15.24,, 0
2023, 319,11,15, 05:00, 80.01, 0.0, -13.84, -712.7,, 15106, 0, -558.7, 21.26, -168.9, 34.86, 419.6658020019531, 15.24,, 0
2023, 319,11,15, 05:30, 80.01, 0.0, -13.84, -712.7,, 15026, 0, -558.7, 21.26, -168.9, 34.86, 419.6658020019531, 15.24,, 0
2023, 319,11,15, 06:00, 80.01, 0.0, -13.84, -712.7,, 14753, 0, -558.7, 21.26, -168.9, 34.86, 419.6658020019531, 15.24,, 0
2023, 319,11,15, 06:30, 80.01, 0.0, -13.84, -712.7,, 15083, 0, -558.7, 21.26, -168.9, 34.86, 419.6658020019531, 15.24,, 0
2023, 319,11,15, 07:00, 80.01, 0.0, -13.84, -712.7,, 14699, 0, -558.7, 21.26, -168.9, 34.86, 419.6658020019531, 15.24,, 0
2023, 319,11,15, 07:30, 80.01, 0.0, -13.84, -712.7,, 14471, 0, -558.7, 21.26, -168.9, 34.86, 419.6658020019531, 15.24,, 0
2023, 319,11,15, 08:00, 80.01, 0.0, -13.84, -712.7,, 14250, 0, -558.7, 21.26, -168.9, 34.86, 419.6658020019531, 15.24,, 0
2023, 319,11,15, 08:30, 80.01, 0.0, -13.84, -712.7,, 13997, 0, -558.7, 21.26, -168.9, 34.86, 419.6658020019531, 15.24,, 0
2023, 319,11,15, 09:00, 80.01, 0.0, -13.84, -712.7,, 13662, 0, -558.7, 21.26, -168.9, 34.86, 419.6658020019531, 15.24,, 0
2023, 319,11,15, 09:30, 80.01, 0.0, -13.84, -712.7,, 13088, 0, -558.7, 21.26, -168.9, 34.86, 419.6658020019531, 15.24,, 0
2023, 319,11,15, 10:00, 80.01, 0.0, -13.84, -712.7,, 12473, 0, -558.7, 21.26, -168.9, 34.86, 419.6658020019531, 15.24,, 0
2023, 319,11,15, 10:30, 80.01, 0.0, -13.84, -712.7,, 11785, 0, -558.7, 21.26, -168.9, 34.86, 419.6658020019531, 15.24,, 0
2023, 319,11,15, 11:00, 80.01, 0.0, -13.84, -712.7,, 11383, 0, -558.7, 21.26, -168.9, 34.86, 419.6658020019531, 15.24,, 0
2023, 319,11,15, 11:30, 80.01, 0.0, -13.84, -712.7,, 10525, 0, -558.7, 21.26, -168.9, 34.86, 419.6658020019531, 15.24,, 0
2023, 319,11,15, 12:00, 80.01, 0.0, -13.84, -712.7,, 9968, 0, -558.7, 21.26, -168.9, 34.86, 419.6658020019531, 15.24,, 0
2023, 319,11,15, 12:30, 80.01, 0.0, -13.84, -712.7,, 9449, 0, -558.7, 21.26, -168.9, 34.86, 419.6658020019531, 15.24,, 0
2023, 319,11,15, 13:00, 80.01, 0.0, -13.84, -712.7,, 8602, 0, -558.7, 21.26, -168.9, 34.86, 419.6658020019531, 15.24,, 0
2023, 319,11,15, 13:30, 80.01, 0.0, -13.84, -712.7,, 8096, 0, -558.7, 21.26, -168.9, 34.86, 419.6658020019531, 15.24,, 0
2023, 319,11,15, 14:00, 80.01, 0.0, -13.84, -712.7,, 7687, 0, -558.7, 21.26, -168.9, 34.86, 419.6658020019531, 15.24,, 0
2023, 319,11,15, 14:30, 80.01, 0.0, -13.84, -712.7,, 6870, 0, -558.7, 21.26, -168.9, 34.86, 419.6658020019531, 15.24,, 0
2023, 319,11,15, 15:00, 80.01, 0.0, -13.84, -712.7,, 6433, 0, -558.7, 21.26, -168.9, 34.86, 419.6658020019531, 15.24,, 0
2023, 319,11,15, 15:30, 80.01, 0.0, -13.84, -712.7,, 5936, 0, -558.7, 21.26, -168.9, 34.86, 419.6658020019531, 15.24,, 0
2023, 319,11,15, 16:00, 80.01, 0.0, -13.84, -712.7,, 5534, 0, -558.7, 21.26, -168.9, 34.86, 419.6658020019531, 15.24,, 0
2023, 319,11,15, 16:30, 80.01, 0.0, -13.84, -712.7,, 5373, 0, -558.7, 21.26, -168.9, 34.86, 419.6658020019531, 15.24,, 0
2023, 319,11,15, 17:00, 80.01, 0.0, -13.84, -712.7,, 5266, 0, -558.7, 21.26, -168.9, 34.86, 419.6658020019531, 15.24,, 0
2023, 319,11,15, 17:30, 80.01, 0.0, -13.84, -712.7,, 5011, 0, -558.7, 21.26, -168.9, 34.86, 419.6658020019531, 15.24,, 0
2023, 319,11,15, 18:00, 80.01, 0.0, -13.84, -712.7,, 5045, 0, -558.7, 21.26, -168.9, 34.86, 419.6658020019531, 15.24,, 0
2023, 319,11,15, 18:30, 80.01, 0.0, -13.84, -712.7,, 5114, 0, -558.7, 21.26, -168.9, 34.86, 419.6658020019531, 15.24,, 0
2023, 319,11,15, 19:00, 80.01, 0.0, -13.84, -712.7,, 5120, 0, -558.7, 21.26, -168.9, 34.86, 419.6658020019531, 15.24,, 0
2023, 319,11,15, 19:30, 80.01, 0.0, -13.84, -712.7,, 5312, 0, -558.7, 21.26, -168.9, 34.86, 419.6658020019531, 15.24,, 0
2023, 319,11,15, 20:00, 80.01, 0.0, -13.84, -712.7,, 5761, 0, -558.7, 21.26, -168.9, 34.86, 419.6658020019531, 15.24,, 0
2023, 319,11,15, 20:30, 80.01, 0.0, -13.84, -712.7,, 5958, 0, -558.7, 21.26, -168.9, 34.86, 419.6658020019531, 15.24,, 0
2023, 319,11,15, 21:00, 80.01, 0.0, -13.84, -712.7,, 6391, 0, -558.7, 21.26, -168.9, 34.86, 419.6658020019531, 15.24,, 0
2023, 319,11,15, 21:30, 80.01, 0.0, -13.84, -712.7,, 6949, 0, -558.7, 21.26, -168.9, 34.86, 419.6658020019531, 15.24,, 0
2023, 319,11,15, 22:00, 80.01, 0.0, -13.84, -712.7,, 7452, 0, -558.7, 21.26, -168.9, 34.86, 419.6658020019531, 15.24,, 0
2023, 319,11,15, 22:30, 80.01, 0.0, -13.84, -712.7,, 8108, 0, -558.7, 21.26, -168.9, 34.86, 419.6658020019531, 15.24,, 0
2023, 319,11,15, 23:00, 80.01, 0.0, -13.84, -712.7,, 8776, 0, -558.7, 21.26, -168.9, 34.86, 419.6658020019531, 15.24,, 0
2023, 319,11,15, 23:30, 80.01, 0.0, -13.84, -712.7,, 9314, 0, -558.7, 21.26, -168.9, 34.86, 419.6658020019531, 15.24,, 0
2023, 320,11,16, 00:00, 80.01, 0.0, -13.84, -712.7,, 9854, 0, -558.7, 21.26, -168.9, 34.86, 419.6658020019531, 15.24,, 0
2023, 320,11,16, 00:30, 80.01, 0.0, -13.84, -712.7,, 10648, 0, -558.7, 21.26, -168.9, 34.86, 419.6658020019531, 15.24,, 0
2023, 320,11,16, 01:00, 80.01, 0.0, -13.84, -712.7,, 11216, 0, -558.7, 21.26, -168.9, 34.86, 419.6658020019531, 15.24,, 0
